FIPS,State,County,Life Expectancy,95% CI - Low,95% CI - High,Life Expectancy (AIAN),Life Expectancy (AIAN) 95% CI - Low,Life Expectancy (AIAN) 95% CI - High,Life Expectancy (Asian),Life Expectancy (Asian) 95% CI - Low,Life Expectancy (Asian) 95% CI - High,Life Expectancy (Black),Life Expectancy (Black) 95% CI - Low,Life Expectancy (Black) 95% CI - High,Life Expectancy (Hispanic),Life Expectancy (Hispanic) 95% CI - Low,Life Expectancy (Hispanic) 95% CI - High,Life Expectancy (White),Life Expectancy (White) 95% CI - Low,Life Expectancy (White) 95% CI - High,# Deaths,Age-Adjusted Death Rate,95% CI - Low,95% CI - High,Age-Adjusted Mortality (AIAN),Age-Adjusted Mortality (AIAN) 95% CI - Low,Age-Adjusted Mortality (AIAN) 95% CI - High,Age-Adjusted Mortality (Asian),Age-Adjusted Mortality (Asian) 95% CI - Low,Age-Adjusted Mortality (Asian) 95% CI - High,Age-Adjusted Mortality (Black),Age-Adjusted Mortality (Black) 95% CI - Low,Age-Adjusted Mortality (Black) 95% CI - High,Age-Adjusted Mortality (Hispanic),Age-Adjusted Mortality (Hispanic) 95% CI - Low,Age-Adjusted Mortality (Hispanic) 95% CI - High,Age-Adjusted Mortality (White),Age-Adjusted Mortality (White) 95% CI - Low,Age-Adjusted Mortality (White) 95% CI - High,# Deaths,Child Mortality Rate,95% CI - Low,95% CI - High,Child Mortality Rate (AIAN),Child Mortality Rate (AIAN) 95% CI - Low,Child Mortality Rate (AIAN) 95% CI - High,Child Mortality Rate (Asian),Child Mortality Rate (Asian) 95% CI - Low,Child Mortality Rate (Asian) 95% CI - High,Child Mortality Rate (Black),Child Mortality Rate (Black) 95% CI - Low,Child Mortality Rate (Black) 95% CI - High,Child Mortality Rate (Hispanic),Child Mortality Rate (Hispanic) 95% CI - Low,Child Mortality Rate (Hispanic) 95% CI - High,Child Mortality Rate (White),Child Mortality Rate (White) 95% CI - Low,Child Mortality Rate (White) 95% CI - High,# Deaths,Infant Mortality Rate,95% CI - Low,95% CI - High,Infant Mortality Rate (AIAN),Infant Mortality Rate (AIAN) 95% CI - Low,Infant Mortality Rate (AIAN) 95% CI - High,Infant Mortality Rate (Asian),Infant Mortality Rate (Asian) 95% CI - Low,Infant Mortality Rate (Asian) 95% CI - High,Infant Mortality Rate (Black),Infant Mortality Rate (Black) 95% CI - Low,Infant Mortality Rate (Black) 95% CI - High,Infant Mortality Rate (Hispanic),Infant Mortality Rate (Hispanic) 95% CI - Low,Infant Mortality Rate (Hispanic) 95% CI - High,Infant Mortality Rate (White),Infant Mortality Rate (White) 95% CI - Low,Infant Mortality Rate (White) 95% CI - High,% Frequent Physical Distress,95% CI - Low,95% CI - High,% Frequent Mental Distress,95% CI - Low,95% CI - High,% Adults with Diabetes,95% CI - Low,95% CI - High,# HIV Cases,HIV Prevalence Rate,# Food Insecure,% Food Insecure,# Limited Access,% Limited Access to Healthy Foods,# Drug Overdose Deaths,Drug Overdose Mortality Rate,95% CI - Low,95% CI - High,Drug Overdose Mortality Rate (AIAN),Drug Overdose Mortality Rate (AIAN) 95% CI - Low,Drug Overdose Mortality Rate (AIAN) 95% CI - High,Drug Overdose Mortality Rate (Asian),Drug Overdose Mortality Rate (Asian) 95% CI - Low,Drug Overdose Mortality Rate (Asian) 95% CI - High,Drug Overdose Mortality Rate (Black),Drug Overdose Mortality Rate (Black) 95% CI - Low,Drug Overdose Mortality Rate (Black) 95% CI - High,Drug Overdose Mortality Rate (Hispanic),Drug Overdose Mortality Rate (Hispanic) 95% CI - Low,Drug Overdose Mortality Rate (Hispanic) 95% CI - High,Drug Overdose Mortality Rate (White),Drug Overdose Mortality Rate (White) 95% CI - Low,Drug Overdose Mortality Rate (White) 95% CI - High,# Motor Vehicle Deaths,Motor Vehicle Mortality Rate,95% CI - Low,95% CI - High,MV Mortality Rate (AIAN),MV Mortality Rate (AIAN) 95% CI - Low,MV Mortality Rate (AIAN) 95% CI - High,MV Mortality Rate (Asian),MV Mortality Rate (Asian) 95% CI - Low,MV Mortality Rate (Asian) 95% CI - High,MV Mortality Rate (Black),MV Mortality Rate (Black) 95% CI - Low,MV Mortality Rate (Black) 95% CI - High,MV Mortality Rate (Hispanic),MV Mortality Rate (Hispanic) 95% CI - Low,MV Mortality Rate (Hispanic) 95% CI - High,MV Mortality Rate (White),MV Mortality Rate (White) 95% CI - Low,MV Mortality Rate (White) 95% CI - High,% Insufficient Sleep,95% CI - Low,95% CI - High,# Uninsured,% Uninsured,95% CI - Low,95% CI - High,# Uninsured,% Uninsured,95% CI - Low,95% CI - High,Other Primary Care Provider Rate,Other Primary Care Provider Ratio,% Disconnected Youth,95% CI - Low,95% CI - High,Average Grade Performance,Average Grade Performance (Asian),Average Grade Performance (Black),Average Grade Performance (Hispanic),Average Grade Performance (White),Average Grade Performance,Average Grade Performance (Asian),Average Grade Performance (Black),Average Grade Performance (Hispanic),Average Grade Performance (White),Median Household Income,95% CI - Low,95% CI - High,Household Income (AIAN),Household Income (AIAN) 95% CI - Low,Household Income (AIAN) 95% CI - High,Household Income (Asian),Household Income (Asian) 95% CI - Low,Household Income (Asian) 95% CI - High,Household Income (Black),Household Income (Black) 95% CI - Low,Household Income (Black) 95% CI - High,Household Income (Hispanic),Household Income (Hispanic) 95% CI - Low,Household Income (Hispanic) 95% CI - High,Household Income (White),Household Income (White) 95% CI - Low,Household Income (White) 95% CI - High,% Enrolled in Free or Reduced Lunch,Segregation index,Segregation Index,Homicide Rate,95% CI - Low,95% CI - High,Homicide Rate (AIAN),Homicide Rate (AIAN) 95% CI - Low,Homicide Rate (AIAN) 95% CI - High,Homicide Rate (Asian),Homicide Rate (Asian) 95% CI - Low,Homicide Rate (Asian) 95% CI - High,Homicide Rate (Black),Homicide Rate (Black) 95% CI - Low,Homicide Rate (Black) 95% CI - High,Homicide Rate (Hispanic),Homicide Rate (Hispanic) 95% CI - Low,Homicide Rate (Hispanic) 95% CI - High,Homicide Rate (White),Homicide Rate (White) 95% CI - Low,Homicide Rate (White) 95% CI - High,# Deaths,Suicide Rate (Age-Adjusted),95% CI - Low,95% CI - High,Crude Rate,Suicide Rate (AIAN),Suicide Rate (AIAN) 95% CI - Low,Suicide Rate (AIAN) 95% CI - High,Suicide Rate (Asian),Suicide Rate (Asian) 95% CI - Low,Suicide Rate (Asian) 95% CI - High,Suicide Rate (Black),Suicide Rate (Black) 95% CI - Low,Suicide Rate (Black) 95% CI - High,Suicide Rate (Hispanic),Suicide Rate (Hispanic) 95% CI - Low,Suicide Rate (Hispanic) 95% CI - High,Suicide Rate (White),Suicide Rate (White) 95% CI - Low,Suicide Rate (White) 95% CI - High,# Firearm Fatalities,Firearm Fatalities Rate,95% CI - Low,95% CI - High,Firearm Fatalities Rate (AIAN),Firearm Fatalities Rate (AIAN) 95% CI - Low,Firearm Fatalities Rate (AIAN) 95% CI - High,Firearm Fatalities Rate (Asian),Firearm Fatalities Rate (Asian) 95% CI - Low,Firearm Fatalities Rate (Asian) 95% CI - High,Firearm Fatalities Rate (Black),Firearm Fatalities Rate (Black) 95% CI - Low,Firearm Fatalities Rate (Black) 95% CI - High,Firearm Fatalities Rate (Hispanic),Firearm Fatalities Rate (Hispanic) 95% CI - Low,Firearm Fatalities Rate (Hispanic) 95% CI - High,Firearm Fatalities Rate (White),Firearm Fatalities Rate (White) 95% CI - Low,Firearm Fatalities Rate (White) 95% CI - High,Non-Petitioned Cases,Petitioned Cases,Denominator,Juvenile Arrest Rate,Average Traffic Volume per Meter of Major Roadways,# Homeowners,% Homeowners,95% CI - Low,95% CI - High,# Households with Severe Cost Burden,% Severe Housing Cost Burden,95% CI - Low,95% CI - High,Population,% less than 18 years of age,% 65 and over,# Black,% Black,# American Indian & Alaska Native,% American Indian & Alaska Native,# Asian,% Asian,# Native Hawaiian/Other Pacific Islander,% Native Hawaiian/Other Pacific Islander,# Hispanic,% Hispanic,# Non-Hispanic White,% Non-Hispanic White,# Not Proficient in English,% Not Proficient in English,95% CI - Low,95% CI - High,% Female,# Rural,% Rural
47000,Tennessee,,76.0,75.9,76.1,,,,,,,,,,,,,,,,106691,451,448,454,,,,,,,,,,,,,,,,3769,63,61,65,,,,,,,,,,,,,,,,4017,7,7,7,,,,,,,,,,,,,,,,13,12,15,14,13,16,13,,,16190,290,934310,14,536900,8,5229,26,25,27,,,,,,,,,,,,,,,,7003,15,15,15,,,,,,,,,,,,,,,,36,35,38,560693,14,13,14,67303,4,4,5,139,717:1,7,7,8,3.0,,,,,3.0,,,,,52366,51792,52940,,,,,,,,,,,,,,,,,66,58,7,7,8,,,,,,,,,,,,,,,,5498,16,16,16,17,,,,,,,,,,,,,,,,5711,17,17,18,,,,,,,,,,,,,,,,,,,,209,1701159,66,66,67,306596,12,12,13,6770010,22.2,16.4,1133558,16.7,31826,0.5,128526,1.9,6496,0.1,380772,5.6,4989758,73.7,94554,2,1,2,51.2,2132860,33.6
47001,Tennessee,Anderson,75.5,74.9,76.2,,,,,,,74.7,71.0,78.4,97.5,79.3,115.8,75.2,74.5,75.9,1369,475,449,502,,,,,,,553,413,725,,,,487,458,515,39,61,43,83,,,,,,,,,,,,,,,,44,8,6,11,,,,,,,,,,,,,,,,13,13,14,14,14,15,11,7,16,79,123,9540,13,7031,9,107,47,38,56,,,,,,,,,,,,,,,,83,16,12,19,,,,,,,,,,,,,,,,36,35,37,5697,13,11,15,584,4,2,5,128,780:1,6,2,10,,,,,,,,,,,50672,46850,54494,19716,0,39439,67012,63430,70594,40176,25539,54813,38828,22310,55346,50589,47977,53201,,56,45,3,2,5,,,,,,,,,,,,,,,,66,16,13,21,17,,,,,,,,,,,,,,,,50,13,10,17,,,,,,,,,,,,,,,,,,,,132,20729,68,66,70,3134,11,9,12,76482,21.0,20.1,2986,3.9,347,0.5,1181,1.5,51,0.1,2350,3.1,68116,89.1,619,1,0,1,51.3,26041,34.7
47003,Tennessee,Bedford,74.3,73.5,75.1,,,,,,,72.2,69.5,75.0,88.3,71.7,104.8,74.1,73.2,75.0,859,518,482,553,,,,,,,622,492,777,298,179,465,522,483,561,35,71,49,99,,,,,,,,,,,,,,,,38,9,6,12,,,,,,,,,,,,,,,,14,14,15,15,14,15,11,7,17,57,147,5540,12,2984,7,21,15,9,22,,,,,,,,,,,,,,,,68,21,16,26,,,,,,,,,,,,,,,,36,35,37,5182,18,16,21,678,5,4,7,98,1022:1,14,6,21,,,,,,,,,,,49860,44710,55010,,,,,,,37802,31287,44317,42873,36414,49332,50605,47991,53219,,40,38,,,,,,,,,,,,,,,,,,,36,15,11,21,15,,,,,,,,,,,,,,,,31,13,9,18,,,,,,,,,,,,,,,,,,,,80,11512,68,66,71,1968,12,10,14,49038,25.4,15.1,3721,7.6,559,1.1,522,1.1,87,0.2,6163,12.6,37556,76.6,1474,3,2,4,50.9,25053,55.6
47005,Tennessee,Benton,71.7,70.2,73.2,,,,,,,,,,,,,,,,428,661,592,729,,,,,,,,,,,,,,,,,,,,,,,,,,,,,,,,,,,,,,,,,,,,,,,,,,,,,,15,15,16,16,16,17,14,8,22,14,101,2340,15,1082,7,13,27,14,46,,,,,,,,,,,,,,,,43,38,28,51,,,,,,,,,,,,,,,,37,36,38,1352,15,13,17,153,5,3,6,117,852:1,,,,,,,,,,,,,,38940,35728,42152,,,,,,,,,,26179,17376,34982,35645,32407,38883,,29,22,,,,,,,,,,,,,,,,,,,22,26,16,41,27,,,,,,,,,,,,,,,,20,25,15,38,,,,,,,,,,,,,,,,,,,,22,5153,76,73,79,776,12,9,16,16184,20.0,23.6,390,2.4,92,0.6,94,0.6,3,0.0,409,2.5,14970,92.5,25,0,0,1,51.0,12937,78.5
47007,Tennessee,Bledsoe,78.0,76.4,79.6,,,,,,,,,,,,,,,,229,390,337,443,,,,,,,,,,,,,,,,,,,,,,,,,,,,,,,,,,,,,,,,,,,,,,,,,,,,,,14,14,15,15,14,15,10,5,18,9,69,2060,14,211,2,11,25,12,45,,,,,,,,,,,,,,,,11,11,6,20,,,,,,,,,,,,,,,,37,36,38,1308,18,15,21,127,5,4,7,61,1639:1,,,,,,,,,,,,,,40195,34927,45463,9737,0,19645,,,,63816,15532,112100,,,,44788,37664,51912,,56,42,,,,,,,,,,,,,,,,,,,19,25,15,40,26,,,,,,,,,,,,,,,,19,26,16,41,,,,,,,,,,,,,,,,,,,,21,3600,74,70,78,416,10,6,13,14755,15.3,18.5,1048,7.1,87,0.6,40,0.3,5,0.0,362,2.5,13038,88.4,245,2,0,3,41.1,12876,100.0
47009,Tennessee,Blount,77.0,76.5,77.5,,,,,,,78.3,74.4,82.2,89.9,81.6,98.2,76.7,76.2,77.3,2049,412,393,431,,,,,,,457,349,588,,,,421,401,441,55,52,39,67,,,,,,,,,,,,,,,,46,5,4,7,,,,,,,,,,,,,,,,13,12,13,14,13,14,13,9,19,127,115,13580,11,14303,12,134,34,29,40,,,,,,,,,,,,,,,,110,12,10,15,,,,,,,,,,,,,,,,33,32,35,9597,12,11,14,1089,4,3,5,95,1051:1,5,2,7,,,,,,,,,,,57939,53751,62127,107500,19071,195929,82614,36202,129026,37484,26185,48783,33208,21341,45075,55400,53433,57367,,59,40,3,2,4,,,,,,,,,,,,,,,,116,17,14,20,18,,,,,,,,,,,,,,,,85,13,11,16,,,,,,,,,,,,,,,,,,,,95,37685,75,73,77,4848,10,9,11,131349,20.2,20.2,3831,2.9,553,0.4,1230,0.9,98,0.1,4542,3.5,119321,90.8,760,1,0,1,51.5,40140,32.6
47011,Tennessee,Bradley,76.8,76.3,77.3,,,,,,,76.6,73.6,79.6,94.0,79.1,108.9,76.5,75.9,77.1,1599,419,398,440,,,,,,,467,365,588,215,132,333,431,408,453,41,44,32,60,,,,,,,,,,,,,,,,48,6,4,8,,,,,,,,,,,,,,,,14,13,14,14,14,15,17,14,21,109,124,13170,13,11906,12,75,24,19,30,,,,,,,,,,,,,,,,92,13,10,16,,,,,,,,,,,,,,,,37,36,38,10393,17,15,19,1106,5,3,6,122,821:1,4,2,6,,,,,,,,,,,50427,47261,53593,,,,55313,28600,82026,38763,34768,42758,31515,26228,36802,50491,48171,52811,,40,32,4,2,5,,,,,,,,,,,,,,,,75,14,11,17,14,,,,,,,,,,,,,,,,67,13,10,16,,,,,,,,,,,,,,,,,,,,139,26202,66,64,67,4436,12,10,13,106727,21.8,17.1,5179,4.9,666,0.6,1229,1.2,135,0.1,6765,6.3,91361,85.6,1716,2,1,2,51.4,32630,33.0
47013,Tennessee,Campbell,71.7,70.8,72.6,,,,,,,,,,,,,,,,997,656,613,699,,,,,,,,,,,,,,,,20,61,37,94,,,,,,,,,,,,,,,,,,,,,,,,,,,,,,,,,,,14,14,15,16,15,16,16,10,23,24,71,5660,14,4113,10,31,26,18,37,,,,,,,,,,,,,,,,65,23,18,30,,,,,,,,,,,,,,,,34,33,35,3545,15,13,18,331,4,3,5,152,660:1,11,4,18,,,,,,,,,,,39443,35733,43153,13203,10782,15624,,,,,,,57885,21810,93960,38426,36038,40814,,,33,5,3,8,,,,,,,,,,,,,,,,41,20,14,27,21,,,,,,,,,,,,,,,,30,15,10,22,,,,,,,,,,,,,,,,,,,,133,11360,70,68,72,1489,10,8,12,39583,20.6,20.7,189,0.5,136,0.3,133,0.3,32,0.1,521,1.3,38133,96.3,28,0,0,0,50.9,22403,55.0
47015,Tennessee,Cannon,74.4,72.9,75.9,,,,,,,,,,,,,,,,289,548,481,615,,,,,,,,,,,,,,,,,,,,,,,,,,,,,,,,,,,,,,,,,,,,,,,,,,,,,,13,13,14,15,14,15,11,4,21,22,187,1640,12,146,1,12,28,15,49,,,,,,,,,,,,,,,,28,29,19,41,,,,,,,,,,,,,,,,34,33,36,1237,14,12,17,158,5,3,7,41,2410:1,,,,,,,,,,,,,,51859,46713,57005,,,,,,,47292,24019,70565,31404,19657,43151,49898,43228,56568,,24,12,11,6,20,,,,,,,,,,,,,,,,15,21,12,35,21,,,,,,,,,,,,,,,,15,21,12,35,,,,,,,,,,,,,,,,,,,,48,4043,73,70,77,386,7,5,10,14462,21.4,18.3,229,1.6,50,0.3,57,0.4,13,0.1,360,2.5,13558,93.7,28,0,0,1,50.3,11197,81.1
47017,Tennessee,Carroll,74.0,73.0,75.0,,,,,,,74.4,70.8,78.1,,,,73.9,72.9,74.9,584,535,489,581,,,,,,,488,350,662,,,,547,497,596,14,59,32,98,,,,,,,,,,,,,,,,,,,,,,,,,,,,,,,,,,,14,13,14,15,14,15,12,8,18,23,97,4140,15,964,3,,,,,,,,,,,,,,,,,,,,48,24,18,32,,,,,,,,,,,,,,,,36,35,37,2065,13,11,15,249,4,3,5,143,701:1,13,5,22,,,,,,,,,,,42025,37840,46210,43438,24839,62037,,,,28061,15364,40758,,,,41512,39262,43762,,25,24,5,2,9,,,,,,,,,,,,,,,,27,19,13,29,19,,,,,,,,,,,,,,,,24,17,11,25,,,,,,,,,,,,,,,,,,,,40,8057,73,71,75,1104,11,8,13,28020,21.4,20.3,2783,9.9,179,0.6,119,0.4,13,0.0,771,2.8,23680,84.5,28,0,0,0,51.1,23690,83.1
47019,Tennessee,Carter,75.8,75.0,76.5,,,,,,,,,,,,,,,,1091,481,451,511,,,,,,,,,,,,,,,,24,56,36,84,,,,,,,,,,,,,,,,22,6,4,9,,,,,,,,,,,,,,,,15,15,16,16,16,17,21,16,28,48,98,8410,15,11750,20,57,34,25,44,,,,,,,,,,,,,,,,45,11,8,15,,,,,,,,,,,,,,,,36,35,37,4867,15,13,17,399,4,2,5,66,1523:1,9,4,13,,,,,,,,,,,39202,35462,42942,,,,,,,,,,29545,12003,47087,36952,34884,39020,,76,41,,,,,,,,,,,,,,,,,,,48,17,12,22,17,,,,,,,,,,,,,,,,41,15,10,20,,,,,,,,,,,,,,,,,,,,99,16482,70,68,72,2663,12,10,14,56351,18.4,21.9,842,1.5,169,0.3,232,0.4,15,0.0,1097,1.9,53345,94.7,81,0,0,0,51.1,23524,41.0
47021,Tennessee,Cheatham,74.5,73.6,75.3,,,,,,,,,,,,,,,,731,494,457,532,,,,,,,,,,,,,,,,20,55,34,85,,,,,,,,,,,,,,,,23,7,5,11,,,,,,,,,,,,,,,,12,12,12,13,13,14,11,5,19,53,158,3870,10,222,1,63,52,40,67,,,,,,,,,,,,,,,,58,21,16,27,,,,,,,,,,,,,,,,34,32,35,3136,12,10,14,412,4,3,6,99,1011:1,10,4,15,,,,,,,,,,,63241,57891,68591,,,,,,,57935,48176,67694,50417,21159,79675,59303,54756,63850,,34,25,5,3,9,,,,,,,,,,,,,,,,52,23,17,30,26,,,,,,,,,,,,,,,,42,21,15,28,,,,,,,,,,,,,,,,,,,,81,11540,77,74,80,1441,10,8,12,40439,22.2,15.0,748,1.8,220,0.5,191,0.5,30,0.1,1306,3.2,37404,92.5,169,0,0,1,50.3,32442,83.0
47023,Tennessee,Chester,77.0,75.7,78.2,,,,,,,77.8,73.9,81.8,,,,76.6,75.3,78.0,271,436,383,490,,,,,,,,,,,,,,,,,,,,,,,,,,,,,,,,,,,,,,,,,,,,,,,,,,,,,,13,13,14,14,14,15,17,11,25,8,55,2270,13,980,6,,,,,,,,,,,,,,,,,,,,22,18,11,27,,,,,,,,,,,,,,,,35,34,36,1400,15,12,17,176,4,3,6,81,1234:1,,,,,,,,,,,,,,47508,41547,53469,,,,,,,29375,20405,38345,,,,51814,42900,60728,,49,43,,,,,,,,,,,,,,,,,,,11,12,6,23,13,,,,,,,,,,,,,,,,12,14,7,24,,,,,,,,,,,,,,,,,,,,23,4528,76,73,79,539,9,5,13,17276,22.1,17.2,1605,9.3,84,0.5,131,0.8,5,0.0,483,2.8,14672,84.9,51,0,0,1,51.9,11177,65.2
47025,Tennessee,Claiborne,73.3,72.3,74.3,,,,,,,,,,,,,,,,700,567,523,612,,,,,,,,,,,,,,,,,,,,,,,,,,,,,,,,,,,,,,,,,,,,,,,,,,,,,,14,14,15,15,15,16,14,8,21,17,62,4540,14,3291,10,39,41,29,56,,,,,,,,,,,,,,,,52,23,18,31,,,,,,,,,,,,,,,,35,34,36,2598,14,12,16,260,4,3,6,154,648:1,,,,,,,,,,,,,,37987,33587,42387,,,,,,,22344,4791,39897,26442,15537,37347,36973,34023,39923,,72,41,,,,,,,,,,,,,,,,,,,44,26,18,35,28,,,,,,,,,,,,,,,,42,27,19,36,,,,,,,,,,,,,,,,,,,,64,9312,70,68,72,1793,15,12,18,31756,19.1,19.9,367,1.2,113,0.4,221,0.7,9,0.0,406,1.3,30260,95.3,137,0,0,1,51.1,23050,71.6
47027,Tennessee,Clay,73.1,70.5,75.6,,,,,,,,,,,,,,,,172,567,473,661,,,,,,,,,,,,,,,,,,,,,,,,,,,,,,,,,,,,,,,,,,,,,,,,,,,,,,16,16,17,17,17,18,9,4,18,,,1190,16,5,0,11,47,24,85,,,,,,,,,,,,,,,,,,,,,,,,,,,,,,,,,,,36,35,37,767,18,15,21,79,5,3,7,78,1286:1,,,,,,,,,,,,,,34238,30094,38382,,,,,,,,,,5903,4051,7755,31197,25838,36556,,34,21,,,,,,,,,,,,,,,,,,,18,47,27,76,47,,,,,,,,,,,,,,,,19,49,30,77,,,,,,,,,,,,,,,,,,,,31,2375,75,70,80,288,10,5,15,7717,20.2,24.3,121,1.6,29,0.4,7,0.1,7,0.1,204,2.6,7259,94.1,0,0,0,1,50.8,7861,100.0
47029,Tennessee,Cocke,71.7,70.7,72.7,,,,,,,,,,,,,,,,909,642,597,687,,,,,,,,,,,,,,,,28,97,64,140,,,,,,,,,,,,,,,,23,9,6,13,,,,,,,,,,,,,,,,16,15,16,17,16,17,21,15,30,36,120,5510,16,4170,12,30,28,19,40,,,,,,,,,,,,,,,,56,23,17,29,,,,,,,,,,,,,,,,37,36,38,3155,15,13,18,262,4,2,5,103,967:1,16,8,24,,,,,,,,,,,36192,32175,40209,26058,6985,45131,,,,24491,0,50234,26779,11789,41769,34131,30963,37299,,58,40,6,3,9,,,,,,,,,,,,,,,,40,22,16,31,23,,,,,,,,,,,,,,,,36,20,14,28,,,,,,,,,,,,,,,,,,,,107,9677,68,65,72,1522,12,9,15,35774,20.3,21.1,719,2.0,216,0.6,155,0.4,20,0.1,901,2.5,33260,93.0,51,0,0,1,51.7,24083,67.5
47031,Tennessee,Coffee,74.3,73.6,75.1,,,,,,,73.8,70.0,77.5,89.7,66.4,113.0,74.1,73.3,74.8,1038,527,494,560,,,,,,,538,373,752,,,,541,506,576,28,53,35,77,,,,,,,,,,,,,,,,23,5,3,7,,,,,,,,,,,,,,,,13,13,14,14,14,15,15,10,20,54,120,6370,12,3899,7,52,31,23,41,,,,,,,,,,,,,,,,73,19,15,24,,,,,,,,,,,,,,,,36,34,37,4427,14,12,16,570,4,3,5,162,619:1,7,2,11,,,,,,,,,,,49494,43889,55099,,,,76500,26605,126395,45147,20413,69881,29423,17711,41135,48566,45967,51165,,51,27,4,2,7,,,,,,,,,,,,,,,,59,22,16,28,22,,,,,,,,,,,,,,,,38,14,10,19,,,,,,,,,,,,,,,,,,,,83,14575,67,65,70,2071,10,8,12,55700,24.0,17.3,2052,3.7,266,0.5,588,1.1,38,0.1,2475,4.4,49307,88.5,280,1,0,1,51.2,24967,47.3
47033,Tennessee,Crockett,73.8,72.3,75.3,,,,,,,74.5,70.8,78.1,,,,72.8,71.0,74.6,282,524,461,588,,,,,,,524,369,722,,,,560,485,635,13,94,50,161,,,,,,,,,,,,,,,,,,,,,,,,,,,,,,,,,,,15,15,15,15,15,16,12,6,20,12,100,1900,13,38,0,,,,,,,,,,,,,,,,,,,,26,26,17,37,,,,,,,,,,,,,,,,36,35,37,1488,18,15,20,199,6,4,7,91,1102:1,,,,,,,,,,,,,,44431,39241,49621,,,,,,,30378,24920,35836,40437,31842,49032,46466,42192,50740,,15,15,,,,,,,,,,,,,,,,,,,12,16,8,29,17,,,,,,,,,,,,,,,,13,18,10,31,,,,,,,,,,,,,,,,,,,,30,3707,69,66,73,508,10,7,13,14328,23.6,18.8,1975,13.8,107,0.7,50,0.3,4,0.0,1568,10.9,10499,73.3,225,2,,,52.2,9828,67.4
47035,Tennessee,Cumberland,76.8,76.0,77.6,,,,,,,,,,86.6,75.2,98.0,76.6,75.8,77.5,1111,441,410,471,,,,,,,,,,,,,,,,19,45,27,71,,,,,,,,,,,,,,,,27,7,5,10,,,,,,,,,,,,,,,,13,13,14,14,14,15,15,10,21,39,77,6810,12,4498,8,32,18,12,25,,,,,,,,,,,,,,,,85,21,17,26,,,,,,,,,,,,,,,,37,35,38,4717,15,13,18,475,4,3,6,99,1011:1,11,4,17,,,,,,,,,,,46527,41981,51073,52333,19305,85361,,,,,,,41364,12388,70340,43926,42159,45693,,83,39,4,2,7,,,,,,,,,,,,,,,,76,26,20,34,26,,,,,,,,,,,,,,,,65,22,17,28,,,,,,,,,,,,,,,,,,,,28,19783,78,76,80,2686,11,9,13,59673,17.5,30.7,354,0.6,264,0.4,344,0.6,65,0.1,1871,3.1,56239,94.2,384,1,0,1,51.3,34132,60.9
47037,Tennessee,Davidson,77.0,76.8,77.2,95.0,76.3,113.6,87.5,84.5,90.5,74.2,73.8,74.7,89.4,84.3,94.4,77.5,77.3,77.8,8725,410,401,419,,,,189,156,223,517,498,536,183,158,208,395,384,406,457,79,71,86,,,,67,38,109,110,95,124,61,47,77,61,52,71,506,7,7,8,,,,,,,12,11,14,5,4,7,5,4,6,12,12,13,13,13,14,10,8,11,3480,602,99120,15,46009,7,706,34,32,37,,,,,,,27,22,31,10,6,15,44,40,48,469,10,9,11,,,,7,4,12,12,10,13,8,5,11,10,8,11,39,38,40,73846,17,15,18,9719,7,5,8,219,457:1,6,5,7,,,,,,,,,,,60799,58872,62726,64475,48691,80259,67646,62857,72435,40814,39521,42107,44654,41854,47454,66597,65257,67937,,47,41,11,10,12,,,,,,,27,24,29,7,5,10,4,3,5,476,14,12,15,14,,,,,,,7,5,8,6,2,13,18,16,20,596,17,16,19,,,,,,,30,27,34,10,7,14,13,12,15,,,,,630,150399,54,53,55,39830,15,14,15,692587,20.8,12.2,187628,27.1,3374,0.5,27244,3.9,777,0.1,72136,10.4,388912,56.2,31566,5,5,5,51.7,21382,3.4
47039,Tennessee,Decatur,75.9,74.4,77.4,,,,,,,,,,,,,,,,237,484,417,550,,,,,,,,,,,,,,,,,,,,,,,,,,,,,,,,,,,,,,,,,,,,,,,,,,,,,,14,14,15,16,15,16,16,10,24,10,101,1680,14,346,3,,,,,,,,,,,,,,,,,,,,17,21,12,33,,,,,,,,,,,,,,,,33,32,35,955,15,12,17,140,6,4,7,154,650:1,,,,,,,,,,,,,,42905,38000,47810,,,,,,,21563,0,43844,,,,40602,37068,44136,,26,19,,,,,,,,,,,,,,,,,,,,,,,,,,,,,,,,,,,,,,,,,,,,,,,,,,,,,,,,,,,,,,46,3536,76,74,79,422,10,6,13,11706,21.0,23.4,337,2.9,42,0.4,64,0.5,11,0.1,387,3.3,10753,91.9,0,0,0,1,50.9,11757,100.0
47041,Tennessee,DeKalb,73.8,72.5,75.1,,,,,,,,,,,,,,,,412,556,500,612,,,,,,,,,,,,,,,,15,87,49,144,,,,,,,,,,,,,,,,,,,,,,,,,,,,,,,,,,,14,13,14,14,14,15,17,10,26,35,214,2510,13,142,1,18,30,18,48,,,,,,,,,,,,,,,,25,18,12,27,,,,,,,,,,,,,,,,35,34,36,2076,18,15,20,231,5,3,7,65,1549:1,,,,,,,,,,,,,,47420,42096,52744,,,,,,,47241,7220,87262,33306,19647,46965,44729,40568,48890,,35,29,,,,,,,,,,,,,,,,,,,22,23,14,36,22,,,,,,,,,,,,,,,,17,17,10,28,,,,,,,,,,,,,,,,,,,,61,5163,69,66,72,634,9,6,12,20138,21.6,18.4,287,1.4,92,0.5,235,1.2,4,0.0,1733,8.6,17607,87.4,24,0,0,1,50.0,14673,78.4
47043,Tennessee,Dickson,74.6,73.8,75.4,,,,,,,68.9,65.1,72.6,86.6,72.3,100.9,74.7,73.9,75.5,959,506,473,539,,,,,,,779,591,1007,,,,499,465,534,30,61,41,87,,,,,,,,,,,,,,,,23,6,4,8,,,,,,,,,,,,,,,,13,12,13,14,14,14,15,8,24,58,134,5900,12,2577,5,46,29,21,39,,,,,,,,,,,,,,,,84,23,19,29,,,,,,,,,,,,,,,,36,34,37,4361,14,12,16,505,4,3,5,127,786:1,7,3,11,,,,,,,,,,,56166,52898,59434,49234,36781,61687,,,,29257,14247,44267,40813,30334,51292,51349,48445,54253,,41,29,5,3,8,,,,,,,,,,,,,,,,59,22,17,29,23,,,,,,,,,,,,,,,,55,21,16,27,,,,,,,,,,,,,,,,,,,,64,13849,73,71,75,1698,10,8,12,53446,23.1,16.2,2131,4.0,261,0.5,344,0.6,31,0.1,1984,3.7,47866,89.6,329,1,0,1,50.9,33650,67.8
47045,Tennessee,Dyer,73.2,72.3,74.1,,,,,,,70.7,68.2,73.2,,,,73.4,72.4,74.4,800,578,537,620,,,,,,,718,585,852,,,,567,522,612,25,69,45,102,,,,,,,,,,,,,,,,33,10,7,14,,,,,,,,,,,,,,,,14,14,14,15,14,15,17,12,23,34,109,5720,15,5235,14,,,,,,,,,,,,,,,,,,,,51,19,14,25,,,,,,,,,,,,,,,,36,35,37,2688,12,10,14,339,4,3,5,139,718:1,15,5,24,,,,,,,,,,,44302,39212,49392,,,,175691,7718,343664,30692,25888,35496,51992,0,107722,45840,41596,50084,,46,41,,,,,,,,,,,,,,,,,,,30,15,10,22,16,,,,,,,,,,,,,,,,24,13,8,19,,,,,,,,,,,,,,,,,,,,51,9432,62,59,65,1596,11,9,13,37320,23.9,17.6,5254,14.1,140,0.4,296,0.8,12,0.0,1327,3.6,29771,79.8,162,0,0,1,51.8,16432,42.9
47047,Tennessee,Fayette,78.0,77.1,78.9,,,,,,,74.1,72.4,75.9,,,,79.3,78.2,80.3,643,386,353,418,,,,,,,519,447,591,,,,344,307,381,15,48,27,79,,,,,,,,,,,,,,,,,,,,,,,,,,,,,,,,,,,12,12,13,13,13,14,9,5,14,65,191,5280,13,932,2,14,12,6,20,,,,,,,,,,,,,,,,40,15,10,20,,,,,,,26,16,40,,,,10,6,16,35,34,36,3142,13,11,15,369,5,3,6,44,2250:1,10,5,16,,,,,,,,,,,59529,53259,65799,30491,23808,37174,78854,63846,93862,32260,26263,38257,21184,8841,33527,69761,64940,74582,,33,31,7,4,10,,,,,,,,,,,,,,,,29,14,9,20,15,,,,,,,,,,,,,,,,34,17,12,24,,,,,,,,,,,,,,,,,,,,44,12277,80,78,81,1266,9,7,10,40507,19.0,21.4,11093,27.4,154,0.4,287,0.7,17,0.0,1168,2.9,27461,67.8,127,0,0,1,50.8,30363,79.0
47049,Tennessee,Fentress,73.7,72.4,74.9,,,,,,,,,,,,,,,,431,558,500,615,,,,,,,,,,,,,,,,,,,,,,,,,,,,,,,,,,,,,,,,,,,,,,,,,,,,,,16,16,17,17,16,17,17,10,25,11,72,2510,14,19,0,,,,,,,,,,,,,,,,,,,,32,25,17,36,,,,,,,,,,,,,,,,33,32,34,1542,15,13,17,201,5,3,7,82,1214:1,,,,,,,,,,,,,,36687,32703,40671,,,,,,,,,,32292,8579,56005,35497,32790,38204,,,26,,,,,,,,,,,,,,,,,,,12,13,6,22,13,,,,,,,,,,,,,,,,,,,,,,,,,,,,,,,,,,,,,,,24,5675,77,74,79,739,11,7,14,18217,21.0,22.0,75,0.4,70,0.4,58,0.3,4,0.0,297,1.6,17550,96.3,9,0,0,1,51.2,17959,100.0
47051,Tennessee,Franklin,75.9,75.0,76.9,,,,,,,74.0,70.0,78.0,,,,75.7,74.7,76.8,730,453,418,488,,,,,,,510,353,712,,,,460,422,497,29,86,57,123,,,,,,,,,,,,,,,,25,9,6,13,,,,,,,,,,,,,,,,13,13,13,14,14,15,16,11,21,24,67,4880,12,2906,7,21,17,10,26,,,,,,,,,,,,,,,,60,21,16,27,,,,,,,,,,,,,,,,35,34,36,3004,13,11,15,375,4,3,6,74,1351:1,,,,,,,,,,,,,,50201,44406,55996,,,,62614,44583,80645,37070,27014,47126,38750,26641,50859,50382,47696,53068,,32,19,,,,,,,,,,,,,,,,,,,38,16,11,22,18,,,,,,,,,,,,,,,,24,12,7,17,,,,,,,,,,,,,,,,,,,,43,12222,74,72,76,1747,11,9,13,41890,20.1,20.0,2120,5.1,184,0.4,414,1.0,34,0.1,1523,3.6,36935,88.2,351,1,0,1,51.2,28579,69.6
47053,Tennessee,Gibson,73.7,72.9,74.5,,,,,,,69.6,67.5,71.6,,,,74.6,73.8,75.5,990,557,521,593,,,,,,,753,653,854,,,,518,479,556,31,65,44,92,,,,,,,126,67,216,,,,48,28,77,25,6,4,9,,,,,,,,,,,,,,,,13,13,14,15,14,15,16,12,20,66,163,7260,15,3196,6,30,20,14,29,,,,,,,,,,,,,,,,71,21,16,26,,,,,,,,,,,,,,,,35,34,36,3931,14,12,16,437,4,2,5,80,1258:1,,,,,,,,,,,,,,42720,38213,47227,95152,52704,137600,,,,28349,25730,30968,49071,10549,87593,47260,42352,52168,,46,44,6,4,10,,,,,,,,,,,,,,,,44,18,13,24,18,,,,,,,,,,,,,,,,42,17,12,23,,,,,,,30,17,51,,,,14,9,20,,,,,61,13345,69,67,72,2156,12,10,14,49045,24.3,18.1,8777,17.9,153,0.3,152,0.3,12,0.0,1384,2.8,37865,77.2,146,0,0,1,52.1,23706,47.7
47055,Tennessee,Giles,75.0,73.9,76.0,,,,,,,74.9,71.9,78.0,,,,74.9,73.7,76.0,565,489,446,532,,,,,,,485,368,627,,,,493,447,540,16,65,37,105,,,,,,,,,,,,,,,,,,,,,,,,,,,,,,,,,,,13,13,14,14,14,15,12,7,19,42,169,3760,13,1492,5,20,23,14,35,,,,,,,,,,,,,,,,58,28,22,37,,,,,,,,,,,,,,,,35,34,36,2539,15,13,17,295,5,3,6,102,983:1,7,3,12,,,,,,,,,,,48024,43289,52759,,,,,,,41387,35314,47460,,,,47810,43203,52417,,27,25,,,,,,,,,,,,,,,,,,,34,23,15,33,23,,,,,,,,,,,,,,,,30,21,14,29,,,,,,,,,,,,,,,,,,,,26,8083,70,68,73,866,8,6,10,29503,21.2,20.0,3016,10.2,132,0.4,148,0.5,13,0.0,816,2.8,24832,84.2,114,0,0,1,51.5,21744,73.7
47057,Tennessee,Grainger,74.4,73.3,75.6,,,,,,,,,,,,,,,,468,500,451,548,,,,,,,,,,,,,,,,10,53,25,97,,,,,,,,,,,,,,,,,,,,,,,,,,,,,,,,,,,14,14,15,15,15,16,13,7,23,19,96,2810,12,0,0,10,14,7,27,,,,,,,,,,,,,,,,46,29,21,38,,,,,,,,,,,,,,,,36,35,37,2074,15,13,17,227,5,3,6,48,2104:1,,,,,,,,,,,,,,41829,36890,46768,,,,,,,,,,42750,5791,79709,43895,39121,48669,,,14,,,,,,,,,,,,,,,,,,,19,18,11,28,17,,,,,,,,,,,,,,,,,,,,,,,,,,,,,,,,,,,,,,,39,7012,78,76,81,774,9,7,12,23145,20.3,20.5,190,0.8,98,0.4,59,0.3,14,0.1,803,3.5,21769,94.1,222,1,0,2,49.6,22657,100.0
47059,Tennessee,Greene,74.3,73.6,75.0,,,,,,,,,,94.6,82.7,106.5,74.0,73.3,74.7,1437,526,497,556,,,,,,,469,300,698,,,,538,507,568,27,50,33,73,,,,,,,,,,,,,,,,34,8,5,11,,,,,,,,,,,,,,,,14,14,15,15,14,15,19,15,25,49,83,8720,13,2503,4,60,29,22,37,,,,,,,,,,,,,,,,94,20,16,24,,,,,,,,,,,,,,,,38,37,39,5398,14,12,16,536,4,3,5,130,768:1,9,5,14,,,,,,,,,,,44366,39978,48754,,,,33977,11760,56194,26938,16437,37439,35203,482,69924,40997,38659,43335,,41,36,4,2,6,,,,,,,,,,,,,,,,68,18,14,24,20,,,,,,,,,,,,,,,,50,15,11,19,,,,,,,,,,,,,,,,,,,,83,19867,73,71,75,2755,11,9,12,69087,19.3,21.6,1462,2.1,246,0.4,355,0.5,60,0.1,2065,3.0,64176,92.9,163,0,0,1,50.8,44874,65.2
47061,Tennessee,Grundy,71.6,70.1,73.1,,,,,,,,,,,,,,,,338,638,566,711,,,,,,,,,,,,,,,,,,,,,,,,,,,,,,,,,,,,,,,,,,,,,,,,,,,,,,16,16,17,17,16,17,24,15,34,13,116,2100,16,98,1,,,,,,,,,,,,,,,,,,,,28,30,20,43,,,,,,,,,,,,,,,,36,35,37,1302,17,15,20,130,4,3,6,90,1112:1,,,,,,,,,,,,,,36317,31950,40684,,,,,,,,,,,,,,,,,,22,12,6,21,,,,,,,,,,,,,,,,11,16,7,29,16,,,,,,,,,,,,,,,,14,21,11,35,,,,,,,,,,,,,,,,,,,,24,3741,77,74,81,425,10,7,13,13346,21.6,21.0,75,0.6,88,0.7,51,0.4,1,0.0,186,1.4,12797,95.9,20,0,0,1,50.5,13703,100.0
47063,Tennessee,Hamblen,75.2,74.5,75.9,,,,,,,70.4,66.3,74.5,99.0,76.2,121.8,74.9,74.1,75.7,1173,501,471,531,,,,,,,694,531,891,200,125,302,516,483,548,39,66,47,90,,,,,,,,,,,,,,,,36,7,5,9,,,,,,,,,,,,,,,,14,14,15,15,14,15,19,14,25,57,107,7990,13,11827,19,47,24,18,32,,,,,,,,,,,,,,,,65,15,11,19,,,,,,,,,,,,,,,,37,36,38,6609,18,15,20,631,4,3,5,178,561:1,,,,,,,,,,,,,,44040,39483,48597,31020,9050,52990,,,,26989,11379,42599,23428,17616,29240,46690,43677,49703,,47,39,3,1,5,,,,,,,,,,,,,,,,73,22,17,28,23,,,,,,,,,,,,,,,,46,14,11,19,,,,,,,,,,,,,,,,,,,,89,16205,66,64,68,2930,13,10,15,64569,23.1,18.5,2434,3.8,564,0.9,689,1.1,177,0.3,7739,12.0,52385,81.1,1651,3,2,3,51.2,13680,21.9
47065,Tennessee,Hamilton,77.4,77.1,77.7,,,,86.9,83.9,90.0,73.5,72.8,74.3,93.5,86.7,100.2,77.9,77.5,78.2,5244,406,395,418,,,,117,78,169,565,534,597,138,102,184,388,375,401,190,63,54,72,,,,,,,99,77,124,51,29,83,52,42,64,207,7,6,8,,,,,,,12,9,15,,,,6,5,7,12,12,13,14,13,14,13,12,16,951,313,47950,14,46488,14,220,20,18,23,,,,,,,7,4,12,,,,26,22,29,264,11,9,12,,,,,,,9,7,12,,,,12,10,13,37,36,37,28879,13,12,15,3693,5,3,6,183,547:1,7,5,9,,,,,,,,,,,57196,54265,60127,53859,7798,99920,72235,65571,78899,31289,29922,32656,41531,37591,45471,60276,58771,61781,,58,50,8,7,10,,,,,,,30,26,35,,,,3,2,4,251,14,12,15,14,,,,,,,4,2,7,,,,17,14,19,288,16,14,18,,,,,,,31,25,37,,,,13,11,15,,,,,285,89940,64,63,65,17076,13,12,13,364286,20.8,17.6,69637,19.1,1977,0.5,7689,2.1,534,0.1,21355,5.9,258792,71.0,4528,1,1,2,51.7,33721,10.0
47067,Tennessee,Hancock,70.3,67.9,72.7,,,,,,,,,,,,,,,,167,683,570,795,,,,,,,,,,,,,,,,,,,,,,,,,,,,,,,,,,,,,,,,,,,,,,,,,,,,,,15,15,16,16,16,17,16,6,32,,,1010,15,26,0,,,,,,,,,,,,,,,,,,,,13,28,15,48,,,,,,,,,,,,,,,,37,36,38,536,14,12,17,55,4,2,6,214,468:1,,,,,,,,,,,,,,30691,26751,34631,,,,,,,,,,,,,,,,,,,,,,,,,,,,,,,,,,,,,10,31,14,59,30,,,,,,,,,,,,,,,,,,,,,,,,,,,,,,,,,,,,,,,13,2231,79,76,83,207,8,4,12,6549,20.8,21.3,33,0.5,26,0.4,13,0.2,3,0.0,43,0.7,6336,96.7,22,0,0,2,50.7,6819,100.0
47069,Tennessee,Hardeman,74.3,73.2,75.4,,,,,,,74.3,72.5,76.1,,,,74.3,72.8,75.8,505,531,483,580,,,,,,,533,454,613,,,,536,472,600,14,70,38,117,,,,,,,,,,,,,,,,,,,,,,,,,,,,,,,,,,,16,15,16,15,15,16,19,13,26,45,205,4860,19,5218,19,,,,,,,,,,,,,,,,,,,,42,23,17,31,,,,,,,26,16,41,,,,21,13,32,41,40,42,1905,15,13,18,210,4,3,6,63,1576:1,20,8,32,,,,,,,,,,,37834,33918,41750,,,,,,,31004,26016,35992,165278,47785,282771,41602,39094,44110,,43,41,11,7,17,,,,,,,,,,,,,,,,14,10,5,17,11,,,,,,,,,,,,,,,,21,16,10,25,,,,,,,,,,,,,,,,,,,,32,6464,73,69,76,1070,13,9,16,25220,19.6,18.1,10564,41.9,77,0.3,190,0.8,5,0.0,445,1.8,13638,54.1,98,0,0,1,45.4,21859,80.2
47071,Tennessee,Hardin,73.0,71.7,74.2,,,,,,,,,,,,,,,,614,598,547,650,,,,,,,,,,,,,,,,16,75,43,122,,,,,,,,,,,,,,,,,,,,,,,,,,,,,,,,,,,15,14,15,15,15,16,14,10,19,32,145,3570,14,1854,7,21,27,17,42,,,,,,,,,,,,,,,,47,26,19,35,,,,,,,,,,,,,,,,33,32,34,2082,14,12,16,268,5,3,6,132,758:1,,,,,,,,,,,,,,37690,34491,40889,,,,143409,6662,280156,28097,18460,37734,22063,0,44327,41055,38469,43641,,41,38,7,3,12,,,,,,,,,,,,,,,,25,20,12,30,19,,,,,,,,,,,,,,,,24,19,12,28,,,,,,,,,,,,,,,,,,,,43,7535,73,70,76,1064,11,8,14,25776,20.6,23.1,838,3.3,162,0.6,140,0.5,8,0.0,718,2.8,23599,91.6,126,1,0,1,51.2,17679,67.9
47073,Tennessee,Hawkins,75.2,74.4,75.9,,,,,,,,,,,,,,,,1119,491,460,522,,,,,,,,,,,,,,,,25,54,35,80,,,,,,,,,,,,,,,,37,10,7,13,,,,,,,,,,,,,,,,14,13,14,15,15,16,16,12,21,32,66,7360,13,3992,7,43,25,18,34,,,,,,,,,,,,,,,,79,20,16,25,,,,,,,,,,,,,,,,35,34,36,4474,13,11,16,487,4,3,5,81,1229:1,,,,,,,,,,,,,,42188,38634,45742,,,,,,,31042,0,66970,32311,9655,54967,40621,38194,43048,,49,37,3,2,6,,,,,,,,,,,,,,,,38,13,9,18,13,,,,,,,,,,,,,,,,39,14,10,19,,,,,,,,,,,,,,,,,,,,79,17187,74,72,75,2576,11,10,13,56530,19.9,21.1,828,1.5,195,0.3,271,0.5,13,0.0,933,1.7,53702,95.0,197,0,0,1,50.9,32884,57.9
47075,Tennessee,Haywood,74.0,72.5,75.4,,,,,,,72.6,70.3,74.8,,,,74.9,73.0,76.8,357,537,478,596,,,,,,,584,495,673,,,,515,432,598,10,62,30,114,,,,,,,,,,,,,,,,,,,,,,,,,,,,,,,,,,,15,15,15,15,15,15,15,10,22,98,657,3540,20,1561,8,,,,,,,,,,,,,,,,,,,,27,22,14,31,,,,,,,21,11,35,,,,25,14,42,39,38,40,1451,14,12,16,162,4,3,5,75,1333:1,,,,,,,,,,,,,,39574,34943,44205,,,,,,,29972,25766,34178,62552,8625,116479,49430,45655,53205,,19,18,,,,,,,,,,,,,,,,,,,12,11,6,20,13,,,,,,,,,,,,,,,,17,19,11,31,,,,,,,,,,,,,,,,,,,,21,4287,60,57,64,970,15,11,19,17335,22.2,19.0,8705,50.2,77,0.4,50,0.3,10,0.1,766,4.4,7590,43.8,120,1,0,1,53.4,8908,47.4
47077,Tennessee,Henderson,74.8,73.7,75.9,,,,,,,72.1,67.4,76.7,,,,75.0,73.8,76.1,550,525,479,571,,,,,,,681,504,900,,,,515,467,563,18,70,42,111,,,,,,,,,,,,,,,,,,,,,,,,,,,,,,,,,,,14,14,15,15,15,16,17,13,23,21,90,3990,14,1233,4,16,19,11,31,,,,,,,,,,,,,,,,56,29,22,37,,,,,,,,,,,,,,,,38,37,39,2238,14,12,16,275,4,3,6,83,1211:1,,,,,,,,,,,,,,43491,38508,48474,,,,,,,26161,9639,42683,20713,548,40878,45735,40027,51443,,33,32,,,,,,,,,,,,,,,,,,,22,15,9,23,16,,,,,,,,,,,,,,,,20,14,9,22,,,,,,,,,,,,,,,,,,,,62,7880,74,71,77,971,10,7,13,27847,22.8,18.4,2139,7.7,93,0.3,90,0.3,5,0.0,638,2.3,24377,87.5,191,1,0,2,51.5,21209,76.4
47079,Tennessee,Henry,74.7,73.7,75.6,,,,,,,71.3,67.2,75.4,,,,74.7,73.6,75.7,686,509,467,550,,,,,,,630,469,829,,,,509,465,553,22,82,52,125,,,,,,,,,,,,,,,,,,,,,,,,,,,,,,,,,,,14,14,15,15,15,16,18,13,24,25,91,4450,14,2600,8,17,18,10,28,,,,,,,,,,,,,,,,52,23,17,30,,,,,,,,,,,,,,,,35,34,37,2480,14,12,16,304,4,3,6,99,1011:1,,,,,,,,,,,,,,43159,38443,47875,29500,11668,47332,,,,31309,27507,35111,44750,6015,83485,41601,39443,43759,,50,45,7,4,11,,,,,,,,,,,,,,,,51,31,23,41,32,,,,,,,,,,,,,,,,40,25,18,34,,,,,,,,,,,,,,,,,,,,79,10250,76,75,78,1289,10,8,12,32358,20.5,23.3,2416,7.5,140,0.4,159,0.5,15,0.0,909,2.8,28218,87.2,100,0,0,1,51.5,21612,66.8
47081,Tennessee,Hickman,74.1,73.0,75.3,,,,,,,,,,,,,,,,494,536,487,585,,,,,,,,,,,,,,,,16,76,43,123,,,,,,,,,,,,,,,,,,,,,,,,,,,,,,,,,,,14,13,14,15,14,15,17,9,26,35,167,3090,13,1270,5,21,28,18,43,,,,,,,,,,,,,,,,58,34,26,44,,,,,,,,,,,,,,,,36,35,38,2206,16,13,18,289,5,4,7,44,2278:1,11,4,19,,,,,,,,,,,44684,39018,50350,,,,,,,39643,6777,72509,37953,29067,46839,43346,38505,48187,,33,31,,,,,,,,,,,,,,,,,,,22,17,10,26,18,,,,,,,,,,,,,,,,20,16,10,25,,,,,,,,,,,,,,,,,,,,31,7022,81,77,85,856,10,7,14,25063,20.8,17.6,1225,4.9,163,0.7,89,0.4,8,0.0,657,2.6,22592,90.1,68,0,0,1,47.4,24690,100.0
47083,Tennessee,Houston,73.6,71.8,75.4,,,,,,,,,,,,,,,,179,567,478,656,,,,,,,,,,,,,,,,,,,,,,,,,,,,,,,,,,,,,,,,,,,,,,,,,,,,,,14,14,15,15,15,16,12,4,25,,,1100,13,116,1,,,,,,,,,,,,,,,,,,,,12,21,11,36,,,,,,,,,,,,,,,,36,35,38,726,15,13,18,91,5,3,7,85,1180:1,,,,,,,,,,,,,,44688,39417,49959,,,,,,,25313,12450,38176,,,,45508,40289,50727,,47,29,,,,,,,,,,,,,,,,,,,,,,,,,,,,,,,,,,,,,,,,,,,,,,,,,,,,,,,,,,,,,,15,2325,79,74,84,272,10,6,14,8263,21.8,20.5,240,2.9,34,0.4,42,0.5,6,0.1,207,2.5,7580,91.7,17,0,0,1,50.9,8426,100.0
47085,Tennessee,Humphreys,73.8,72.5,75.1,,,,,,,,,,,,,,,,375,522,465,578,,,,,,,,,,,,,,,,10,62,30,115,,,,,,,,,,,,,,,,,,,,,,,,,,,,,,,,,,,13,13,14,14,14,15,10,4,20,13,84,2310,13,491,3,16,29,17,47,,,,,,,,,,,,,,,,37,29,20,40,,,,,,,,,,,,,,,,35,34,36,1480,14,12,16,187,5,3,6,87,1155:1,,,,,,,,,,,,,,48056,42157,53955,,,,,,,,,,,,,,,,,18,14,,,,,,,,,,,,,,,,,,,19,17,10,28,21,,,,,,,,,,,,,,,,20,22,13,34,,,,,,,,,,,,,,,,,,,,52,5246,76,73,80,650,10,7,13,18486,21.5,20.0,486,2.6,125,0.7,90,0.5,9,0.0,495,2.7,17043,92.2,13,0,0,1,50.3,15292,82.5
47087,Tennessee,Jackson,75.4,73.7,77.1,,,,,,,,,,,,,,,,257,499,432,566,,,,,,,,,,,,,,,,,,,,,,,,,,,,,,,,,,,,,,,,,,,,,,,,,,,,,,15,15,16,16,15,16,14,7,21,12,119,1640,14,1,0,11,31,16,56,,,,,,,,,,,,,,,,18,22,13,35,,,,,,,,,,,,,,,,37,35,38,1020,15,13,17,107,5,3,7,9,11758:1,,,,,,,,,,,,,,37563,32718,42408,,,,,,,,,,,,,,,,,,55,,,,,,,,,,,,,,,,,,,12,19,9,35,21,,,,,,,,,,,,,,,,,,,,,,,,,,,,,,,,,,,,,,,18,3447,76,73,79,356,9,6,12,11758,18.0,22.5,71,0.6,80,0.7,18,0.2,4,0.0,261,2.2,11171,95.0,8,0,0,1,50.3,11638,100.0
47089,Tennessee,Jefferson,75.7,74.9,76.5,,,,,,,,,,,,,,,,969,459,428,489,,,,,,,,,,,,,,,,23,53,34,80,,,,,,,,,,,,,,,,22,6,4,9,,,,,,,,,,,,,,,,12,12,13,14,14,14,17,11,24,51,112,5930,11,1312,3,30,19,13,27,,,,,,,,,,,,,,,,60,16,12,21,,,,,,,,,,,,,,,,33,32,34,4497,14,12,16,409,4,3,5,89,1125:1,,,,,,,,,,,,,,49611,44633,54589,,,,,,,36314,30376,42252,50313,25817,74809,47860,44237,51483,,54,32,4,2,6,,,,,,,,,,,,,,,,36,12,8,17,13,,,,,,,,,,,,,,,,23,9,5,13,,,,,,,,,,,,,,,,,,,,98,14769,74,72,76,1942,10,8,12,54012,19.7,20.0,1041,1.9,270,0.5,311,0.6,31,0.1,2085,3.9,49705,92.0,446,1,0,1,50.8,30581,59.5
47091,Tennessee,Johnson,73.5,72.0,75.1,,,,,,,,,,,,,,,,394,555,495,614,,,,,,,,,,,,,,,,13,107,57,184,,,,,,,,,,,,,,,,,,,,,,,,,,,,,,,,,,,15,14,15,15,15,16,13,7,22,19,121,2590,15,873,5,,,,,,,,,,,,,,,,,,,,28,22,15,32,,,,,,,,,,,,,,,,37,36,38,1378,15,13,18,132,4,3,6,141,711:1,,,,,,,,,,,,,,35778,31671,39885,20417,0,44405,38750,16155,61345,,,,25172,2441,47903,34720,31020,38420,,,42,,,,,,,,,,,,,,,,,,,26,27,17,41,29,,,,,,,,,,,,,,,,19,21,13,33,,,,,,,,,,,,,,,,,,,,38,5322,78,75,80,668,11,7,14,17778,16.7,22.8,408,2.3,66,0.4,46,0.3,8,0.0,384,2.2,16687,93.9,28,0,0,1,46.2,15546,85.2
47093,Tennessee,Knox,76.4,76.1,76.7,,,,87.9,84.2,91.5,71.3,70.3,72.2,103.4,87.1,119.6,76.6,76.3,76.9,6816,435,425,446,,,,115,78,163,659,613,706,178,136,230,427,416,439,205,53,46,60,,,,,,,91,66,123,75,47,114,45,38,53,217,6,5,7,,,,,,,10,8,14,8,5,11,5,4,6,12,12,12,14,13,14,11,9,13,878,227,57220,13,49168,11,679,49,45,53,,,,,,,54,42,69,,,,52,48,56,405,13,12,14,,,,,,,19,14,24,13,7,20,12,11,14,34,33,35,34281,12,11,13,3605,4,3,4,213,469:1,5,4,7,,,,,,,,,,,55874,53222,58526,53864,31413,76315,71881,59518,84244,28362,25514,31210,38040,33828,42252,58805,57540,60070,,56,42,5,4,6,,,,,,,29,24,36,,,,3,2,3,379,16,14,17,17,,,,,,,6,3,11,,,,17,15,19,332,15,13,16,,,,,,,33,26,42,,,,13,12,15,,,,,291,118293,65,64,65,21706,12,12,13,465289,21.0,15.8,40439,8.7,1647,0.4,10901,2.3,506,0.1,20443,4.4,382836,82.3,5300,1,1,1,51.4,47205,10.9
47095,Tennessee,Lake,72.3,70.3,74.4,,,,,,,74.1,70.2,78.0,,,,71.2,68.5,73.9,158,603,507,698,,,,,,,685,485,940,,,,610,495,725,,,,,,,,,,,,,,,,,,,,,,,,,,,,,,,,,,,,,,,16,16,17,16,15,16,10,4,22,23,342,1580,21,8,0,,,,,,,,,,,,,,,,,,,,10,19,9,35,,,,,,,,,,,,,,,,39,38,40,422,14,12,17,39,4,2,5,108,926:1,,,,,,,,,,,,,,33709,29810,37608,,,,,,,24408,17566,31250,,,,42193,37028,47358,,16,12,,,,,,,,,,,,,,,,,,,,,,,,,,,,,,,,,,,,,,,,,,,,,,,,,,,,,,,,,,,,,,20,1262,57,52,63,232,11,6,17,7411,14.2,15.7,2112,28.5,37,0.5,15,0.2,2,0.0,181,2.4,4943,66.7,8,0,0,1,35.7,7832,100.0
47097,Tennessee,Lauderdale,73.0,71.8,74.1,,,,,,,71.3,69.3,73.3,,,,73.6,72.2,75.0,514,560,510,610,,,,,,,589,496,681,,,,556,495,617,20,83,51,128,,,,,,,,,,,,,,,,28,13,9,19,,,,,,,,,,,,,,,,16,16,16,16,16,17,20,14,29,56,265,5260,20,1563,6,18,23,14,37,,,,,,,,,,,,,,,,53,28,21,37,,,,,,,24,14,40,,,,32,23,44,40,39,41,2192,15,13,18,219,4,2,5,81,1230:1,9,3,14,,,,,,,,,,,38849,34247,43451,,,,,,,27958,24065,31851,56563,14600,98526,43930,38379,49481,,40,41,9,5,15,,,,,,,,,,,,,,,,18,13,8,22,14,,,,,,,,,,,,,,,,23,17,11,26,,,,,,,,,,,,,,,,,,,,23,5625,58,56,60,1472,16,13,19,25825,22.6,15.8,8870,34.3,204,0.8,163,0.6,3,0.0,663,2.6,15614,60.5,115,0,0,1,48.5,16317,58.7
47099,Tennessee,Lawrence,73.7,72.8,74.6,,,,,,,,,,,,,,,,843,543,505,581,,,,,,,,,,,,,,,,36,83,58,115,,,,,,,,,,,,,,,,31,8,5,11,,,,,,,,,,,,,,,,14,14,15,15,15,15,15,10,20,34,97,5450,13,1200,3,28,22,14,31,,,,,,,,,,,,,,,,47,16,12,21,,,,,,,,,,,,,,,,37,36,38,4106,17,14,19,537,5,3,6,128,781:1,14,7,21,,,,,,,,,,,43651,38729,48573,,,,,,,31958,28671,35245,50787,23478,78096,41696,39823,43569,,70,32,5,3,8,,,,,,,,,,,,,,,,44,21,15,29,20,,,,,,,,,,,,,,,,38,18,13,24,,,,,,,,,,,,,,,,,,,,47,11955,74,72,76,1617,11,9,13,43734,25.0,17.8,757,1.7,199,0.5,259,0.6,10,0.0,978,2.2,40912,93.5,580,1,1,2,50.9,31769,75.9
47101,Tennessee,Lewis,74.8,73.0,76.5,,,,,,,,,,,,,,,,243,530,459,602,,,,,,,,,,,,,,,,,,,,,,,,,,,,,,,,,,,,,,,,,,,,,,,,,,,,,,14,14,15,15,15,15,17,8,30,8,79,1590,13,221,2,,,,,,,,,,,,,,,,,,,,15,18,10,30,,,,,,,,,,,,,,,,35,33,36,1042,15,13,18,110,4,3,6,66,1511:1,,,,,,,,,,,,,,40541,35796,45286,,,,,,,,,,53707,39012,68402,37242,32658,41826,,19,25,,,,,,,,,,,,,,,,,,,20,32,19,51,33,,,,,,,,,,,,,,,,18,30,18,48,,,,,,,,,,,,,,,,,,,,33,3719,78,73,84,265,6,2,9,12086,21.5,20.9,236,2.0,72,0.6,78,0.6,6,0.0,288,2.4,11268,93.2,7,0,0,1,51.2,8536,70.2
47103,Tennessee,Lincoln,74.3,73.3,75.4,,,,,,,70.1,66.5,73.6,,,,74.3,73.2,75.4,630,499,457,540,,,,,,,713,531,937,,,,500,456,544,25,83,54,123,,,,,,,,,,,,,,,,20,8,5,13,,,,,,,,,,,,,,,,14,13,14,15,15,15,12,6,18,39,138,4160,12,2119,6,21,21,13,32,,,,,,,,,,,,,,,,51,22,16,28,,,,,,,,,,,,,,,,39,38,41,2771,14,12,16,347,5,3,6,67,1483:1,,,,,,,,,,,,,,51249,47005,55493,36389,0,72840,,,,27500,12248,42752,34668,9494,59842,49330,44557,54103,,48,32,5,2,8,,,,,,,,,,,,,,,,47,29,21,39,28,,,,,,,,,,,,,,,,26,15,10,23,,,,,,,,,,,,,,,,,,,,54,9990,73,70,76,1479,11,9,13,34117,22.1,19.4,2296,6.7,283,0.8,169,0.5,53,0.2,1293,3.8,29531,86.6,193,1,0,1,50.9,24183,72.5
47105,Tennessee,Loudon,77.0,76.2,77.9,,,,,,,,,,,,,,,,929,422,391,453,,,,,,,,,,,,,,,,26,64,42,93,,,,,,,,,,,,,,,,23,6,4,9,,,,,,,,,,,,,,,,12,12,13,13,13,14,17,11,24,52,118,4980,10,5555,11,50,32,24,42,,,,,,,,,,,,,,,,53,15,11,19,,,,,,,,,,,,,,,,33,32,34,4360,15,13,17,612,6,4,8,85,1179:1,,,,,,,,,,,,,,58186,52463,63909,65714,0,136760,206550,136717,276383,32019,0,69241,50547,37199,63895,57707,53667,61747,,64,46,,,,,,,,,,,,,,,,,,,40,15,11,21,15,,,,,,,,,,,,,,,,30,12,8,17,,,,,,,,,,,,,,,,,,,,80,15513,77,75,79,1829,9,7,11,53054,19.4,26.4,689,1.3,299,0.6,480,0.9,106,0.2,4775,9.0,46373,87.4,1243,3,1,4,50.8,19720,40.6
47107,Tennessee,McMinn,74.3,73.4,75.1,,,,,,,74.0,69.6,78.4,,,,74.0,73.1,74.8,1059,528,495,562,,,,,,,529,366,739,,,,540,504,576,31,68,47,97,,,,,,,,,,,,,,,,25,6,4,9,,,,,,,,,,,,,,,,14,14,14,14,14,15,11,8,15,43,96,6880,13,2657,5,40,25,18,34,,,,,,,,,,,,,,,,74,20,16,25,,,,,,,,,,,,,,,,36,35,37,4657,15,13,17,467,4,3,5,94,1066:1,8,3,13,,,,,,,,,,,46029,41564,50494,,,,121406,46467,196345,30463,11429,49497,27059,0,55451,41935,38545,45325,,51,35,6,4,9,,,,,,,,,,,,,,,,57,21,16,28,22,,,,,,,,,,,,,,,,50,19,14,25,,,,,,,,,,,,,,,,,,,,64,15174,74,72,76,2619,13,11,16,53285,21.2,19.6,1931,3.6,299,0.6,402,0.8,18,0.0,2244,4.2,47460,89.1,325,1,0,1,51.3,31538,60.3
47109,Tennessee,McNairy,73.0,71.9,74.0,,,,,,,75.9,70.5,81.3,,,,72.8,71.7,74.0,606,596,545,646,,,,,,,509,332,746,,,,607,554,660,10,44,21,80,,,,,,,,,,,,,,,,,,,,,,,,,,,,,,,,,,,15,15,16,16,15,16,15,11,21,22,101,3870,15,1315,5,11,14,7,25,,,,,,,,,,,,,,,,56,31,23,40,,,,,,,,,,,,,,,,36,35,37,2091,14,12,16,253,4,3,6,74,1360:1,13,6,19,,,,,,,,,,,39859,35554,44164,,,,,,,24677,15923,33431,46528,12467,80589,37548,33729,41367,,20,12,,,,,,,,,,,,,,,,,,,32,21,14,30,25,,,,,,,,,,,,,,,,27,21,14,30,,,,,,,,,,,,,,,,,,,,36,7294,73,71,74,961,10,8,13,25832,21.8,20.8,1547,6.0,106,0.4,88,0.3,5,0.0,556,2.2,23160,89.7,69,0,0,1,50.9,22235,85.3
47111,Tennessee,Macon,73.6,72.4,74.8,,,,,,,,,,,,,,,,479,566,513,618,,,,,,,,,,,,,,,,18,77,46,121,,,,,,,,,,,,,,,,,,,,,,,,,,,,,,,,,,,14,14,15,15,15,15,18,11,27,8,41,2790,12,412,2,13,18,10,31,,,,,,,,,,,,,,,,43,26,19,35,,,,,,,,,,,,,,,,37,36,38,2414,17,14,19,272,4,3,6,66,1517:1,,,,,,,,,,,,,,42265,36908,47622,,,,24955,21834,28076,,,,,,,36622,33501,39743,,,31,,,,,,,,,,,,,,,,,,,32,27,19,39,27,,,,,,,,,,,,,,,,26,22,14,32,,,,,,,,,,,,,,,,,,,,31,6743,73,70,77,895,10,7,13,24265,24.7,15.7,216,0.9,189,0.8,176,0.7,11,0.0,1318,5.4,22217,91.6,277,1,0,2,51.1,17703,79.6
47113,Tennessee,Madison,75.6,75.0,76.1,,,,,,,73.3,72.3,74.3,,,,76.4,75.7,77.2,1623,472,448,496,,,,,,,593,547,639,,,,425,396,454,71,80,63,101,,,,,,,97,69,133,,,,71,48,102,81,9,7,11,,,,,,,13,10,17,,,,6,4,9,14,13,14,15,14,15,14,12,16,243,298,17150,18,10428,11,38,13,9,18,,,,,,,10,5,18,,,,16,11,24,90,13,11,16,,,,,,,8,5,13,,,,16,12,20,37,37,38,6663,12,10,14,876,4,3,5,204,490:1,12,7,16,,,,,,,,,,,46651,42870,50432,109010,36668,181352,97831,36279,159383,32353,28873,35833,30600,21862,39338,56418,53483,59353,,42,40,12,10,15,,,,,,,25,20,32,,,,4,2,7,78,15,12,19,16,,,,,,,6,3,11,,,,21,16,27,90,18,15,23,,,,,,,22,16,30,,,,17,13,23,,,,,115,23561,62,61,64,5563,15,14,17,97605,22.4,17.0,36541,37.4,342,0.4,1120,1.1,42,0.0,3899,4.0,54383,55.7,885,1,1,1,52.6,25386,25.8
47115,Tennessee,Marion,74.0,73.0,75.1,,,,,,,,,,,,,,,,632,556,510,602,,,,,,,788,532,1125,,,,549,502,597,10,41,20,76,,,,,,,,,,,,,,,,,,,,,,,,,,,,,,,,,,,13,13,14,14,14,15,20,13,29,22,92,3640,13,1092,4,15,18,10,29,,,,,,,,,,,,,,,,42,21,15,29,,,,,,,,,,,,,,,,37,35,38,2314,14,12,16,275,4,3,6,66,1504:1,,,,,,,,,,,,,,50819,48879,52759,38542,0,80000,46528,8091,84965,,,,,,,48899,46412,51386,,43,18,,,,,,,,,,,,,,,,,,,24,17,11,26,17,,,,,,,,,,,,,,,,21,15,9,23,,,,,,,,,,,,,,,,,,,,65,8644,75,72,78,1223,11,9,14,28575,21.0,20.1,1143,4.0,130,0.5,177,0.6,8,0.0,515,1.8,26194,91.7,18,0,0,0,51.1,21747,77.0
47117,Tennessee,Marshall,75.5,74.5,76.4,,,,,,,71.5,67.5,75.4,,,,75.6,74.6,76.6,555,459,419,498,,,,,,,628,458,841,,,,455,413,496,20,65,40,101,,,,,,,,,,,,,,,,26,10,7,15,,,,,,,,,,,,,,,,13,13,13,14,14,14,11,7,17,37,138,3580,11,2380,8,28,28,19,41,,,,,,,,,,,,,,,,37,17,12,23,,,,,,,,,,,,,,,,35,34,36,2595,13,11,15,341,4,3,6,86,1161:1,,,,,,,,,,,,,,51868,46017,57719,,,,,,,32153,14851,49455,42238,32837,51639,51156,46539,55773,,48,39,4,2,8,,,,,,,,,,,,,,,,28,17,11,25,17,,,,,,,,,,,,,,,,21,13,8,20,,,,,,,,,,,,,,,,,,,,47,8726,71,68,74,1218,10,8,13,33683,23.5,16.1,2180,6.5,147,0.4,229,0.7,29,0.1,1809,5.4,28777,85.4,430,1,0,2,51.0,20153,65.8
47119,Tennessee,Maury,76.1,75.5,76.7,,,,,,,73.3,71.7,74.9,98.1,71.5,124.7,76.1,75.5,76.8,1427,428,405,451,,,,,,,557,478,635,,,,424,399,449,49,57,42,76,,,,,,,,,,,,,,,,51,6,5,9,,,,,,,,,,,,,,,,12,12,13,14,13,14,11,8,14,135,182,10240,12,5762,7,59,21,16,28,,,,,,,,,,,,,,,,94,15,12,19,,,,,,,,,,,,,,,,36,35,37,7410,13,11,15,921,4,3,5,131,761:1,9,5,13,,,,,,,,,,,57337,50971,63703,,,,83125,11762,154488,39342,33312,45372,51492,29982,73002,57079,53066,61092,,36,31,5,3,7,,,,,,,,,,,,,,,,72,16,13,21,16,,,,,,,,,,,,,,,,64,14,11,18,,,,,,,,,,,,,,,,,,,,86,23030,69,66,71,3780,12,10,13,94340,23.4,15.9,10979,11.6,466,0.5,948,1.0,49,0.1,5798,6.1,74521,79.0,661,1,0,1,51.8,33672,41.6
47121,Tennessee,Meigs,73.2,71.5,74.8,,,,,,,,,,,,,,,,293,582,510,654,,,,,,,,,,,,,,,,,,,,,,,,,,,,,,,,,,,,,,,,,,,,,,,,,,,,,,14,13,14,15,14,15,16,9,25,17,167,1480,13,71,1,13,36,19,61,,,,,,,,,,,,,,,,32,38,26,54,,,,,,,,,,,,,,,,35,34,37,1055,15,13,17,133,5,3,7,65,1538:1,,,,,,,,,,,,,,50565,46863,54267,,,,,,,,,,,,,,,,,41,29,,,,,,,,,,,,,,,,,,,,,,,,,,,,,,,,,,,,,,,,,,,,,,,,,,,,,,,,,,,,,,22,3842,80,77,83,525,12,8,15,12306,20.4,21.2,186,1.5,109,0.9,42,0.3,4,0.0,286,2.3,11560,93.9,43,0,0,1,50.4,11753,100.0
47123,Tennessee,Monroe,74.8,74.0,75.7,,,,,,,,,,,,,,,,903,497,462,532,,,,,,,,,,,,,,,,22,55,35,84,,,,,,,,,,,,,,,,23,7,4,10,,,,,,,,,,,,,,,,15,14,15,15,15,16,11,7,16,37,95,5830,13,871,2,49,35,26,47,,,,,,,,,,,,,,,,74,23,18,29,,,,,,,,,,,,,,,,35,34,36,3894,15,13,17,467,5,3,6,71,1405:1,11,4,17,,,,,,,,,,,45566,39718,51414,16654,13599,19709,,,,28879,2310,55448,32949,23454,42444,40062,36451,43673,,54,23,4,2,7,,,,,,,,,,,,,,,,47,21,15,28,20,,,,,,,,,,,,,,,,33,14,10,20,,,,,,,,,,,,,,,,,,,,54,13444,76,74,78,1776,10,8,13,46357,21.1,21.2,905,2.0,298,0.6,218,0.5,28,0.1,2167,4.7,42069,90.8,170,0,0,1,50.2,33868,76.1
47125,Tennessee,Montgomery,75.8,75.3,76.2,,,,81.5,78.4,84.6,73.9,72.8,74.9,84.0,79.8,88.1,75.6,75.1,76.1,2361,439,421,457,,,,242,176,325,520,473,566,244,187,312,446,425,468,148,69,58,80,,,,,,,89,64,119,36,17,65,67,54,83,153,7,6,8,,,,,,,10,7,13,,,,6,5,7,13,12,13,14,14,14,11,8,14,281,181,26200,14,21355,12,123,20,17,24,,,,,,,11,6,19,,,,26,21,31,183,14,12,15,,,,,,,14,10,19,,,,15,12,17,41,40,42,14151,11,10,13,1759,3,2,4,83,1211:1,9,6,11,,,,,,,,,,,56102,52040,60164,51926,46228,57624,38791,25618,51964,50762,46799,54725,52649,48486,56812,60515,57709,63321,,35,32,8,6,9,,,,,,,17,12,22,,,,5,4,7,194,21,18,24,20,,,,,,,8,4,13,11,5,21,25,21,29,188,19,16,22,,,,,,,23,17,30,13,7,23,19,16,23,,,,,123,41672,59,58,61,8255,12,11,13,205950,26.7,9.2,40872,19.8,1527,0.7,4983,2.4,924,0.4,21138,10.3,129282,62.8,1534,1,1,1,50.2,34022,19.7
47127,Tennessee,Moore,79.5,77.1,82.0,,,,,,,,,,,,,,,,93,353,281,439,,,,,,,,,,,,,,,,,,,,,,,,,,,,,,,,,,,,,,,,,,,,,,,,,,,,,,12,11,12,13,12,13,14,4,31,,,540,9,909,14,,,,,,,,,,,,,,,,,,,,,,,,,,,,,,,,,,,,,,,34,33,35,425,11,9,13,56,4,3,6,47,2137:1,,,,,,,,,,,,,,58234,50941,65527,,,,,,,,,,,,,,,,,,33,,,,,,,,,,,,,,,,,,,,,,,,,,,,,,,,,,,,,,,,,,,,,,,,,,,,,,,,,,,,,,30,2159,83,80,86,237,10,4,15,6411,18.9,21.5,170,2.7,22,0.3,53,0.8,1,0.0,130,2.0,5952,92.8,0,0,0,1,50.0,6354,99.9
47129,Tennessee,Morgan,74.2,72.9,75.5,,,,,,,,,,,,,,,,421,535,482,589,,,,,,,,,,,,,,,,15,89,50,146,,,,,,,,,,,,,,,,,,,,,,,,,,,,,,,,,,,15,14,15,15,15,16,21,12,32,19,101,3040,14,1753,8,14,22,12,36,,,,,,,,,,,,,,,,28,18,12,27,,,,,,,,,,,,,,,,37,36,38,1773,16,13,18,191,4,3,6,51,1962:1,,,,,,,,,,,,,,40397,35501,45293,,,,,,,,,,24250,6397,42103,40229,37134,43324,,,52,7,3,12,,,,,,,,,,,,,,,,22,19,12,30,20,,,,,,,,,,,,,,,,17,16,9,25,,,,,,,,,,,,,,,,,,,,22,5976,79,78,81,824,11,8,15,21579,19.2,17.8,787,3.6,115,0.5,69,0.3,14,0.1,296,1.4,20059,93.0,59,0,0,1,45.3,21962,99.9
47131,Tennessee,Obion,76.2,75.2,77.1,,,,,,,72.4,69.4,75.5,,,,76.3,75.2,77.3,549,460,419,501,,,,,,,643,494,823,,,,453,409,497,16,60,34,98,,,,,,,,,,,,,,,,,,,,,,,,,,,,,,,,,,,15,15,15,16,15,16,16,11,22,34,132,4870,16,1553,5,,,,,,,,,,,,,,,,,,,,37,17,12,24,,,,,,,,,,,,,,,,36,35,37,2540,15,12,17,307,4,3,6,142,704:1,,,,,,,,,,,,,,42532,38557,46507,,,,,,,22599,15990,29208,26434,16157,36711,43398,40795,46001,,54,48,,,,,,,,,,,,,,,,,,,26,18,11,26,17,,,,,,,,,,,,,,,,27,18,12,26,,,,,,,,,,,,,,,,,,,,51,8644,68,66,70,1242,10,8,13,30267,21.7,20.4,3205,10.6,104,0.3,141,0.5,32,0.1,1392,4.6,25031,82.7,235,1,0,1,51.6,19588,61.6
47133,Tennessee,Overton,73.9,72.8,75.0,,,,,,,,,,,,,,,,498,553,501,604,,,,,,,,,,,,,,,,,,,,,,,,,,,,,,,,,,,,,,,,,,,,,,,,,,,,,,14,14,15,15,15,16,13,8,20,20,107,2790,13,98,0,18,27,16,43,,,,,,,,,,,,,,,,34,22,15,31,,,,,,,,,,,,,,,,35,33,36,1892,15,13,17,198,4,3,5,63,1576:1,15,5,25,,,,,,,,,,,42149,37297,47001,,,,,,,,,,,,,,,,,,39,,,,,,,,,,,,,,,,,,,22,19,12,29,20,,,,,,,,,,,,,,,,19,17,10,27,,,,,,,,,,,,,,,,,,,,49,7132,79,77,82,653,8,5,11,22068,21.1,20.6,136,0.6,91,0.4,76,0.3,2,0.0,347,1.6,21189,96.0,45,0,0,1,50.4,18598,84.2
47135,Tennessee,Perry,72.5,70.6,74.4,,,,,,,,,,,,,,,,202,641,546,736,,,,,,,,,,,,,,,,,,,,,,,,,,,,,,,,,,,,,,,,,,,,,,,,,,,,,,16,15,16,16,16,17,16,8,29,8,120,1210,15,1018,13,,,,,,,,,,,,,,,,,,,,24,43,28,64,,,,,,,,,,,,,,,,35,33,36,797,18,15,21,93,5,3,7,136,733:1,,,,,,,,,,,,,,41960,37243,46677,,,,,,,,,,,,,,,,,39,12,,,,,,,,,,,,,,,,,,,12,29,15,52,30,,,,,,,,,,,,,,,,10,25,12,46,,,,,,,,,,,,,,,,,,,,24,2645,80,77,83,310,10,6,15,8064,22.1,21.1,196,2.4,65,0.8,48,0.6,1,0.0,225,2.8,7370,91.4,0,0,0,1,49.5,7915,100.0
47137,Tennessee,Pickett,75.9,73.6,78.2,,,,,,,,,,,,,,,,107,467,368,567,,,,,,,,,,,,,,,,,,,,,,,,,,,,,,,,,,,,,,,,,,,,,,,,,,,,,,14,13,14,15,14,15,16,8,30,,,630,12,14,0,,,,,,,,,,,,,,,,,,,,,,,,,,,,,,,,,,,,,,,34,32,35,395,14,12,17,48,5,3,7,118,847:1,,,,,,,,,,,,,,40182,35015,45349,,,,,,,,,,,,,,,,,,,,,,,,,,,,,,,,,,,,,,,,,,,,,,,,,,,,,,,,,,,,,,,,,,,,,,,,,,,,,,,,15,1807,81,80,83,47,2,0,6,5082,17.7,27.6,11,0.2,18,0.4,5,0.1,4,0.1,100,2.0,4907,96.6,10,0,,,50.0,5077,100.0
47139,Tennessee,Polk,73.9,72.5,75.4,,,,,,,,,,,,,,,,392,556,497,614,,,,,,,,,,,,,,,,12,90,46,156,,,,,,,,,,,,,,,,,,,,,,,,,,,,,,,,,,,14,13,14,15,14,15,16,9,25,13,90,2040,12,24,0,12,24,12,42,,,,,,,,,,,,,,,,25,21,14,31,,,,,,,,,,,,,,,,36,34,37,1479,15,13,17,172,5,3,7,59,1690:1,,,,,,,,,,,,,,41968,36841,47095,19205,8700,29710,,,,,,,,,,42617,39231,46003,,,28,,,,,,,,,,,,,,,,,,,24,27,17,40,29,,,,,,,,,,,,,,,,21,25,15,38,,,,,,,,,,,,,,,,,,,,30,5238,74,71,77,654,10,7,12,16898,19.6,21.0,118,0.7,97,0.6,65,0.4,12,0.1,374,2.2,16015,94.8,19,0,0,1,50.7,16825,100.0
47141,Tennessee,Putnam,76.0,75.4,76.7,,,,,,,76.1,70.8,81.5,83.5,77.6,89.5,75.8,75.1,76.4,1157,446,420,473,,,,,,,534,335,809,260,151,416,457,429,485,36,56,39,77,,,,,,,,,,,,,,,,35,6,4,8,,,,,,,,,,,,,,,,14,14,14,15,15,16,11,8,15,99,153,10850,14,6842,9,46,20,14,26,,,,,,,,,,,,,,,,71,13,11,17,,,,,,,,,,,,,,,,33,32,34,7072,15,13,17,769,5,3,6,205,487:1,4,2,7,,,,,,,,,,,45512,41634,49390,11228,9089,13367,24353,1497,47209,23851,8072,39630,46725,33203,60247,41177,38672,43682,,49,31,3,2,5,,,,,,,,,,,,,,,,81,21,17,26,21,,,,,,,,,,,,,,,,62,16,12,21,,,,,,,,,,,,,,,,,,,,95,18879,61,59,62,4258,14,12,17,78843,20.9,16.7,1701,2.2,591,0.7,1210,1.5,112,0.1,5147,6.5,69465,88.1,1233,2,1,2,50.2,25295,35.0
47143,Tennessee,Rhea,73.8,72.9,74.8,,,,,,,,,,,,,,,,669,538,495,581,,,,,,,,,,,,,,,,18,60,36,95,,,,,,,,,,,,,,,,26,10,6,14,,,,,,,,,,,,,,,,14,14,15,15,15,16,21,15,28,31,114,4790,15,1666,5,17,17,10,28,,,,,,,,,,,,,,,,45,20,14,26,,,,,,,,,,,,,,,,35,34,37,2953,16,14,18,369,5,3,6,82,1224:1,,,,,,,,,,,,,,44132,38785,49479,,,,,,,33424,24103,42745,37969,14755,61183,39911,36166,43656,,27,26,,,,,,,,,,,,,,,,,,,38,23,16,32,23,,,,,,,,,,,,,,,,34,21,14,29,,,,,,,,,,,,,,,,,,,,64,8672,70,68,72,1223,10,8,13,33044,22.7,18.6,680,2.1,186,0.6,196,0.6,22,0.1,1774,5.4,29736,90.0,480,2,1,2,50.4,21635,68.0
47145,Tennessee,Roane,75.0,74.1,75.8,,,,,,,,,,,,,,,,1147,518,485,551,,,,,,,523,345,761,,,,526,492,561,16,40,23,64,,,,,,,,,,,,,,,,20,6,4,10,,,,,,,,,,,,,,,,13,13,14,14,14,15,16,10,22,40,87,6360,12,5134,9,77,48,38,61,,,,,,,,,,,,,,,,73,20,15,25,,,,,,,,,,,,,,,,35,34,36,4034,13,11,15,402,4,3,5,100,1003:1,,,,,,,,,,,,,,54440,50161,58719,,,,77361,46439,108283,34744,3973,65515,78571,25314,131828,49627,45748,53506,,33,20,3,1,5,,,,,,,,,,,,,,,,72,27,21,34,27,,,,,,,,,,,,,,,,47,18,13,24,,,,,,,,,,,,,,,,,,,,78,16071,77,75,79,2074,10,8,12,53140,18.8,22.8,1377,2.6,242,0.5,344,0.6,32,0.1,1043,2.0,49212,92.6,156,0,0,1,51.2,27628,51.0
47147,Tennessee,Robertson,75.8,75.1,76.4,,,,,,,71.0,68.5,73.5,,,,75.9,75.1,76.6,1110,443,416,469,,,,,,,673,548,798,,,,437,408,465,42,62,45,84,,,,,,,,,,,,,,,,41,7,5,9,,,,,,,,,,,,,,,,12,12,12,13,13,14,11,7,17,103,180,6890,10,1073,2,40,19,14,26,,,,,,,,,,,,,,,,96,20,16,24,,,,,,,29,15,52,,,,20,16,25,35,34,36,5375,13,11,14,727,4,3,5,93,1076:1,8,4,12,,,,,,,,,,,66006,61247,70765,43490,24620,62360,86442,59847,113037,42174,30586,53762,47628,33406,61850,64210,61302,67118,,56,44,5,3,7,,,,,,,,,,,,,,,,68,19,15,25,20,,,,,,,,,,,,,,,,52,15,11,20,,,,,,,,,,,,,,,,,,,,93,19033,75,73,77,2508,10,8,12,71012,23.9,14.8,5207,7.3,441,0.6,478,0.7,85,0.1,5172,7.3,58939,83.0,1006,2,1,2,50.6,35289,53.2
47149,Tennessee,Rutherford,77.8,77.4,78.1,,,,84.0,80.2,87.8,76.4,75.3,77.5,85.2,80.5,89.9,77.7,77.3,78.1,3427,371,358,383,,,,208,158,268,405,366,444,228,177,280,378,364,393,162,52,44,60,,,,,,,87,64,115,60,38,91,40,32,50,167,6,5,7,,,,,,,9,6,12,,,,6,5,7,12,11,12,12,12,13,11,9,13,542,215,33630,11,20893,8,210,22,19,25,,,,,,,9,5,16,,,,27,23,31,238,11,10,13,,,,,,,10,7,15,11,7,18,12,10,14,37,36,38,23616,12,10,13,3403,4,3,5,102,976:1,5,3,6,,,,,,,,,,,64170,61063,67277,66051,49454,82648,70403,58557,82249,51439,47344,55534,48429,41074,55784,67152,65483,68821,,34,28,4,4,5,,,,,,,10,7,14,,,,3,2,4,206,14,12,15,13,,,,,,,6,3,10,9,4,17,16,13,18,181,12,10,13,,,,,,,14,10,20,,,,12,10,14,,,,,137,71672,65,64,67,12008,11,10,12,324890,24.7,10.5,49999,15.4,1794,0.6,11460,3.5,349,0.1,27457,8.5,227362,70.0,6645,2,2,3,50.8,44699,17.0
47151,Tennessee,Scott,72.1,70.9,73.3,,,,,,,,,,,,,,,,504,650,591,708,,,,,,,,,,,,,,,,18,84,50,132,,,,,,,,,,,,,,,,,,,,,,,,,,,,,,,,,,,16,15,16,16,16,17,13,7,21,6,33,3450,16,382,2,10,15,7,28,,,,,,,,,,,,,,,,29,19,13,27,,,,,,,,,,,,,,,,35,33,36,1844,14,12,17,210,4,3,5,109,918:1,,,,,,,,,,,,,,35685,31442,39928,,,,,,,,,,23542,7182,39902,35408,30610,40206,,,25,,,,,,,,,,,,,,,,,,,35,32,22,44,32,,,,,,,,,,,,,,,,30,27,18,39,,,,,,,,,,,,,,,,,,,,46,6003,69,66,72,977,12,8,15,22039,24.3,16.8,47,0.2,74,0.3,64,0.3,2,0.0,231,1.0,21410,97.1,24,0,0,1,50.9,17906,80.6
47153,Tennessee,Sequatchie,77.1,75.5,78.6,,,,,,,,,,,,,,,,247,419,363,475,,,,,,,,,,,,,,,,,,,,,,,,,,,,,,,,,,,,,,,,,,,,,,,,,,,,,,13,13,14,14,14,15,13,7,21,16,128,1670,11,3,0,12,27,14,47,,,,,,,,,,,,,,,,18,17,10,28,,,,,,,,,,,,,,,,35,33,36,1190,14,12,16,136,4,3,6,74,1352:1,,,,,,,,,,,,,,49707,44087,55327,,,,,,,,,,49783,20989,78577,52000,46064,57936,,,14,,,,,,,,,,,,,,,,,,,19,27,16,42,26,,,,,,,,,,,,,,,,11,15,7,27,,,,,,,,,,,,,,,,,,,,62,4156,76,72,81,430,8,5,11,14876,20.8,20.4,88,0.6,94,0.6,72,0.5,11,0.1,519,3.5,13907,93.5,53,0,0,1,50.5,10415,73.8
47155,Tennessee,Sevier,76.0,75.4,76.5,,,,,,,,,,83.6,77.8,89.4,75.4,74.8,76.0,1681,449,426,472,,,,,,,,,,,,,,,,33,41,28,57,,,,,,,,,,,,,,,,41,6,4,8,,,,,,,,,,,,,,,,13,13,14,14,14,15,15,11,20,85,103,11160,12,4885,5,103,35,28,42,,,,,,,,,,,,,,,,113,17,14,20,,,,,,,,,,,,,,,,35,33,36,11981,21,18,23,1088,5,4,7,125,802:1,5,2,8,,,,,,,,,,,47202,42822,51582,,,,32500,9545,55455,44151,1635,86667,31694,25653,37735,47217,45113,49321,,62,28,,,,,,,,,,,,,,,,,,,102,20,16,24,21,,,,,,,,,,,,,,,,69,14,11,18,,,,,,,,,,,,,,,,,,,,111,25177,68,66,70,3978,11,10,13,97892,20.6,19.8,1081,1.1,616,0.6,1257,1.3,48,0.0,6133,6.3,87842,89.7,1909,2,2,3,51.1,50920,56.6
47157,Tennessee,Shelby,75.7,75.5,75.9,87.1,77.7,96.5,86.9,84.6,89.3,73.3,73.0,73.6,89.9,85.4,94.4,78.1,77.8,78.4,14228,472,464,480,,,,160,131,190,581,569,594,234,200,267,371,360,382,751,80,74,86,,,,,,,105,96,113,46,34,62,43,35,51,892,10,9,10,,,,,,,13,12,14,4,3,6,5,4,6,14,13,14,14,14,14,12,11,14,5979,781,185600,20,104909,11,563,20,18,22,,,,,,,13,11,15,6,3,11,33,30,37,892,14,13,14,,,,,,,16,14,17,14,11,19,11,10,12,38,38,39,84364,15,14,16,9701,4,3,5,134,744:1,10,9,12,,,,,,,,,,,47924,45385,50463,63241,38516,87966,83256,75482,91030,35760,34897,36623,38640,35505,41775,74355,72906,75804,,66,62,20,19,21,,,,,,,32,30,34,15,12,19,5,4,5,453,10,9,11,10,,,,,,,6,5,6,9,5,15,16,14,18,1186,25,24,27,,,,,,,34,32,37,20,15,26,15,13,17,,,,,375,193879,55,55,56,60475,18,17,19,935764,24.9,13.6,502020,53.6,3148,0.3,25337,2.7,698,0.1,61153,6.5,332983,35.6,16598,2,2,2,52.5,25601,2.8
47159,Tennessee,Smith,74.9,73.6,76.1,,,,,,,,,,,,,,,,361,502,448,556,,,,,,,,,,,,,,,,,,,,,,,,,,,,,,,,,,,,,,,,,,,,,,,,,,,,,,13,13,13,14,14,15,16,9,25,18,111,2150,11,110,1,19,32,19,50,,,,,,,,,,,,,,,,29,21,14,31,,,,,,,,,,,,,,,,33,32,35,1489,13,11,15,207,4,3,6,50,1994:1,,,,,,,,,,,,,,50704,45210,56198,22153,13472,30834,,,,25938,441,51435,,,,47072,43735,50409,,48,33,,,,,,,,,,,,,,,,,,,18,18,11,29,18,,,,,,,,,,,,,,,,18,18,11,29,,,,,,,,,,,,,,,,,,,,59,5634,74,71,78,823,11,8,15,19942,22.7,17.0,444,2.2,94,0.5,83,0.4,3,0.0,584,2.9,18474,92.6,7,0,0,1,50.3,15884,82.9
47161,Tennessee,Stewart,75.3,73.5,77.0,,,,,,,,,,,,,,,,256,478,415,541,,,,,,,,,,,,,,,,,,,,,,,,,,,,,,,,,,,,,,,,,,,,,,,,,,,,,,13,13,13,14,14,14,11,3,23,,,1790,14,97,1,,,,,,,,,,,,,,,,,,,,17,18,11,29,,,,,,,,,,,,,,,,35,34,36,1128,14,12,17,163,6,4,8,96,1043:1,,,,,,,,,,,,,,46565,40941,52189,,,,,,,47946,9993,85899,,,,42442,37325,47559,,35,15,,,,,,,,,,,,,,,,,,,19,30,18,47,29,,,,,,,,,,,,,,,,15,23,13,37,,,,,,,,,,,,,,,,,,,,28,3823,73,70,76,599,12,8,16,13561,20.9,20.3,229,1.7,103,0.8,142,1.0,7,0.1,420,3.1,12435,91.7,11,0,0,1,50.1,13324,100.0
47163,Tennessee,Sullivan,75.9,75.4,76.3,,,,,,,70.9,67.7,74.1,97.5,80.5,114.5,75.8,75.4,76.3,2930,469,451,487,,,,,,,758,606,936,,,,470,451,488,61,50,38,64,,,,,,,,,,,,,,,,59,6,4,7,,,,,,,,,,,,,,,,14,14,15,15,15,16,15,13,17,145,108,19340,12,20210,13,143,30,25,35,,,,,,,,,,,,,,,,160,15,12,17,,,,,,,,,,,,,,,,35,34,36,11597,13,11,14,1019,3,2,4,211,475:1,7,4,10,,,,,,,,,,,46024,41683,50365,39722,17156,62288,86875,46268,127482,28728,23544,33912,24750,6355,43145,44068,42468,45668,,50,33,3,2,4,,,,,,,,,,,,,,,,143,18,15,21,18,,,,,,,,,,,,,,,,110,14,11,17,,,,,,,,,,,,,,,,,,,,148,47698,72,71,73,6029,10,9,11,157668,19.3,21.9,3463,2.2,583,0.4,1232,0.8,63,0.0,3055,1.9,147098,93.3,511,0,0,0,51.4,40086,25.6
47165,Tennessee,Sumner,77.8,77.4,78.2,,,,92.0,76.8,107.2,76.3,74.4,78.2,90.9,82.1,99.6,77.7,77.2,78.1,2412,369,354,384,,,,,,,445,379,510,148,95,220,372,356,388,74,43,34,54,,,,,,,,,,,,,,,,77,5,4,7,,,,,,,,,,,,,,,,12,11,12,13,13,13,8,6,11,204,137,17060,10,11149,7,122,22,18,26,,,,,,,,,,,,,,,,145,12,10,14,,,,,,,,,,,,,,,,33,32,34,13810,12,11,14,1624,4,3,4,100,1001:1,6,4,8,,,,,,,,,,,66171,63606,68736,62500,51486,73514,85962,56603,115321,57846,49859,65833,50263,38160,62366,65820,63718,67922,,43,35,3,2,5,,,,,,,13,7,23,,,,3,2,4,161,18,15,20,18,,,,,,,,,,,,,,,,146,16,14,19,,,,,,,23,13,38,,,,16,14,19,,,,,133,48213,73,72,75,6605,10,9,11,187149,23.5,15.9,14423,7.7,739,0.4,2752,1.5,186,0.1,9497,5.1,156813,83.8,1712,1,1,1,51.2,44792,27.9
47167,Tennessee,Tipton,74.8,74.1,75.6,,,,,,,72.7,70.8,74.5,,,,75.0,74.2,75.8,982,472,441,502,,,,,,,572,491,652,,,,461,428,495,34,55,38,77,,,,,,,102,54,174,,,,46,29,70,33,7,4,9,,,,,,,,,,,,,,,,12,12,13,14,13,14,17,12,23,83,164,8370,14,3742,6,49,27,20,35,,,,,,,,,,,,,,,,89,21,17,25,,,,,,,16,9,27,,,,22,17,28,37,36,38,4154,11,10,13,605,4,3,5,76,1310:1,10,5,15,,,,,,,,,,,60874,55946,65802,,,,76389,11236,141542,36791,28515,45067,76500,58146,94854,63628,61352,65904,,35,30,6,4,9,,,,,,,16,9,27,,,,4,2,7,57,18,14,24,19,,,,,,,,,,,,,,,,54,18,13,23,,,,,,,17,8,32,,,,18,13,24,,,,,44,14990,70,68,72,2078,10,8,12,61581,24.6,14.5,11262,18.3,291,0.5,460,0.7,94,0.2,1754,2.8,46670,75.8,229,0,0,1,50.6,33671,55.1
47169,Tennessee,Trousdale,73.8,72.1,75.5,,,,,,,,,,,,,,,,172,526,446,606,,,,,,,804,538,1154,,,,511,425,597,,,,,,,,,,,,,,,,,,,,,,,,,,,,,,,,,,,,,,,13,13,14,14,13,14,6,2,16,17,198,1100,13,,,12,41,21,71,,,,,,,,,,,,,,,,,,,,,,,,,,,,,,,,,,,35,34,36,786,16,13,18,101,5,3,7,82,1224:1,,,,,,,,,,,,,,49280,43381,55179,,,,,,,38813,6584,71042,,,,53981,45115,62847,,43,35,,,,,,,,,,,,,,,,,,,13,29,15,51,29,,,,,,,,,,,,,,,,10,22,11,40,,,,,,,,,,,,,,,,,,,,25,2288,75,70,79,360,12,7,17,11012,17.6,12.9,1257,11.4,66,0.6,49,0.4,1,0.0,269,2.4,9211,83.6,48,1,0,2,40.8,7870,100.0
47171,Tennessee,Unicoi,73.3,71.8,74.7,,,,,,,,,,,,,,,,403,559,499,619,,,,,,,,,,,,,,,,,,,,,,,,,,,,,,,,,,,,,,,,,,,,,,,,,,,,,,14,14,15,15,15,16,19,12,28,13,84,2410,14,1124,6,23,43,27,65,,,,,,,,,,,,,,,,23,18,12,28,,,,,,,,,,,,,,,,35,34,36,1539,15,13,17,142,4,3,6,79,1269:1,,,,,,,,,,,,,,43688,38453,48923,,,,,,,,,,,,,,,,,,25,9,4,16,,,,,,,,,,,,,,,,12,13,6,23,13,,,,,,,,,,,,,,,,15,17,9,28,,,,,,,,,,,,,,,,,,,,82,5354,71,68,74,814,11,8,15,17761,18.6,23.2,75,0.4,92,0.5,45,0.3,10,0.1,907,5.1,16489,92.8,182,1,0,2,50.9,8180,44.7
47173,Tennessee,Union,74.9,73.5,76.3,,,,,,,,,,,,,,,,378,519,464,574,,,,,,,,,,,,,,,,,,,,,,,,,,,,,,,,,,,,,,,,,,,,,,,,,,,,,,14,14,15,15,15,16,18,9,30,9,56,2560,13,139,1,23,39,25,59,,,,,,,,,,,,,,,,29,22,14,31,,,,,,,,,,,,,,,,35,34,36,1834,16,13,18,218,5,3,7,66,1514:1,,,,,,,,,,,,,,40322,35861,44783,,,,,,,,,,38015,8266,67764,41441,38867,44015,,,20,,,,,,,,,,,,,,,,,,,27,29,19,43,28,,,,,,,,,,,,,,,,22,23,14,35,,,,,,,,,,,,,,,,,,,,25,5314,75,71,78,750,11,8,14,19688,21.7,18.3,91,0.5,100,0.5,44,0.2,18,0.1,329,1.7,18914,96.1,39,0,0,1,50.7,19109,100.0
47175,Tennessee,Van Buren,73.2,70.7,75.6,,,,,,,,,,,,,,,,142,564,461,667,,,,,,,,,,,,,,,,,,,,,,,,,,,,,,,,,,,,,,,,,,,,,,,,,,,,,,14,14,15,15,15,16,14,5,25,7,142,670,12,20,0,,,,,,,,,,,,,,,,,,,,,,,,,,,,,,,,,,,,,,,34,33,36,499,15,13,18,54,5,3,7,17,5765:1,,,,,,,,,,,,,,38265,33293,43237,,,,,,,,,,,,,,,,,,4,,,,,,,,,,,,,,,,,,,,,,,,,,,,,,,,,,,,,,,,,,,,,,,,,,,,,,,,,,,,,,13,1799,83,77,89,151,8,3,12,5765,19.3,23.7,43,0.7,22,0.4,14,0.2,3,0.1,93,1.6,5507,95.5,0,0,0,1,49.9,5548,100.0
47177,Tennessee,Warren,74.4,73.6,75.3,,,,,,,,,,,,,,,,764,511,474,549,,,,,,,596,393,867,,,,526,485,566,20,52,32,80,,,,,,,,,,,,,,,,23,7,5,11,,,,,,,,,,,,,,,,15,15,16,16,15,16,19,13,26,36,107,5180,13,1607,4,21,17,11,26,,,,,,,,,,,,,,,,84,30,24,37,,,,,,,,,,,,,,,,34,33,35,4399,19,16,21,526,5,4,7,110,908:1,13,6,20,,,,,,,,,,,42475,38325,46625,13661,10225,17097,31591,6712,56470,33750,14865,52635,42475,34988,49962,38145,35320,40970,,26,14,5,3,9,,,,,,,,,,,,,,,,38,19,13,26,19,,,,,,,,,,,,,,,,37,18,13,25,,,,,,,,,,,,,,,,,,,,61,10858,69,67,72,1760,12,10,14,40878,23.4,17.7,1324,3.2,208,0.5,337,0.8,35,0.1,3790,9.3,34717,84.9,716,2,1,3,50.5,24453,61.4
47179,Tennessee,Washington,75.7,75.2,76.3,,,,100.1,57.8,142.4,74.6,71.9,77.4,99.6,73.8,125.5,75.6,75.0,76.1,2108,453,433,473,,,,,,,550,442,676,307,194,460,456,435,478,77,78,62,98,,,,,,,,,,,,,,,,92,10,8,12,,,,,,,,,,,,,,,,14,13,14,14,14,15,12,10,15,232,212,16300,13,9478,8,92,24,19,29,,,,,,,,,,,,,,,,85,10,8,12,,,,,,,,,,,,,,,,38,37,39,10478,14,12,15,1054,4,3,5,319,314:1,4,2,7,,,,,,,,,,,49242,44940,53544,50000,24185,75815,55757,31859,79655,36118,30107,42129,30955,28484,33426,47963,45641,50285,,51,39,3,2,5,,,,,,,,,,,,,,,,104,16,13,19,16,,,,,,,,,,,,,,,,76,12,9,15,,,,,,,,,,,,,,,,,,,,149,34440,65,64,66,5818,11,10,13,128607,19.0,18.3,5532,4.3,566,0.4,2076,1.6,76,0.1,4595,3.6,113711,88.4,454,0,0,1,51.1,32493,26.4
47181,Tennessee,Wayne,75.4,73.9,76.8,,,,,,,,,,,,,,,,325,504,447,562,,,,,,,,,,,,,,,,,,,,,,,,,,,,,,,,,,,,,,,,,,,,,,,,,,,,,,14,14,15,15,14,15,15,8,25,16,109,2260,14,1556,9,,,,,,,,,,,,,,,,,,,,21,18,11,27,,,,,,,,,,,,,,,,38,36,39,1211,14,12,16,146,5,3,7,97,1035:1,,,,,,,,,,,,,,38879,34226,43532,,,,,,,,,,70114,17418,122810,38343,31574,45112,,52,28,,,,,,,,,,,,,,,,,,,16,18,10,30,19,,,,,,,,,,,,,,,,14,17,9,28,,,,,,,,,,,,,,,,,,,,25,4799,81,79,82,640,12,8,15,16558,17.0,19.5,1050,6.3,69,0.4,53,0.3,5,0.0,352,2.1,14881,89.9,21,0,0,1,44.8,17021,100.0
47183,Tennessee,Weakley,75.7,74.6,76.7,,,,,,,72.8,68.4,77.2,,,,75.8,74.7,76.9,562,476,434,517,,,,,,,685,496,923,,,,465,422,508,19,73,44,114,,,,,,,,,,,,,,,,,,,,,,,,,,,,,,,,,,,14,14,15,15,15,16,11,7,15,19,66,5100,15,2517,7,17,17,10,27,,,,,,,,,,,,,,,,40,17,12,23,,,,,,,,,,,,,,,,35,34,36,2411,12,10,14,277,4,3,6,90,1114:1,,,,,,,,,,,,,,42351,37210,47492,,,,135815,41716,229914,24136,20100,28172,35357,7271,63443,39550,37156,41944,,38,35,5,2,8,,,,,,,,,,,,,,,,36,20,14,28,21,,,,,,,,,,,,,,,,33,20,13,27,,,,,,,,,,,,,,,,,,,,32,9042,66,65,68,1265,10,8,12,33415,19.3,18.6,2516,7.5,148,0.4,410,1.2,14,0.0,894,2.7,29009,86.8,133,0,0,1,51.0,23466,67.0
47185,Tennessee,White,74.3,73.3,75.4,,,,,,,,,,,,,,,,567,537,491,584,,,,,,,,,,,,,,,,10,43,20,78,,,,,,,,,,,,,,,,,,,,,,,,,,,,,,,,,,,15,15,16,16,15,16,22,14,30,23,103,3210,12,1409,5,22,27,17,41,,,,,,,,,,,,,,,,46,25,18,33,,,,,,,,,,,,,,,,34,33,35,2175,14,12,16,230,4,3,5,70,1427:1,,,,,,,,,,,,,,42603,37615,47591,,,,,,,30197,16355,44039,43750,20522,66978,40860,38622,43098,,68,46,5,3,10,,,,,,,,,,,,,,,,30,20,13,30,22,,,,,,,,,,,,,,,,31,23,16,33,,,,,,,,,,,,,,,,,,,,43,8024,81,78,83,948,10,8,13,27107,21.9,20.3,475,1.8,141,0.5,109,0.4,25,0.1,767,2.8,25219,93.0,35,0,0,1,51.1,20201,78.2
47187,Tennessee,Williamson,82.0,81.6,82.4,,,,93.3,86.2,100.4,78.7,76.7,80.7,87.9,82.5,93.3,81.9,81.5,82.3,1565,209,199,220,,,,,,,290,233,355,136,88,201,213,202,225,61,25,19,32,,,,,,,,,,,,,,,,49,3,2,4,,,,,,,,,,,,,,,,10,9,10,11,11,12,8,5,11,137,77,13200,6,6068,3,96,14,11,17,,,,,,,,,,,,,,,,108,7,6,9,,,,,,,15,7,27,,,,7,6,8,33,32,34,10628,8,7,9,2277,3,2,4,127,788:1,3,2,5,,,,,,,,,,,115930,106644,125216,70331,44205,96457,122792,103866,141718,76897,57471,96323,70500,52578,88422,112149,108620,115678,,26,28,2,1,2,,,,,,,,,,,,,,,,135,12,10,14,12,,,,,,,,,,,,,,,,97,9,7,11,,,,,,,,,,,,,,,,,,,,123,60699,81,80,82,6045,8,7,9,231729,27.2,13.2,10051,4.3,634,0.3,10925,4.7,142,0.1,11283,4.9,195380,84.3,1580,1,1,1,50.9,35512,19.4
47189,Tennessee,Wilson,78.4,77.9,78.9,,,,92.4,79.6,105.2,74.3,72.3,76.3,,,,78.6,78.1,79.1,1735,350,333,367,,,,,,,465,389,541,216,130,337,347,329,365,63,49,38,63,,,,,,,128,70,215,,,,41,29,55,50,5,4,7,,,,,,,,,,,,,,,,11,11,12,12,12,13,11,7,16,164,149,11830,9,4430,4,96,23,19,29,,,,,,,43,23,74,,,,23,18,28,107,12,10,14,,,,,,,,,,,,,,,,33,32,34,8657,10,9,12,1446,4,3,5,113,884:1,5,2,8,,,,,,,,,,,76507,71975,81039,,,,83995,64007,103983,55625,39076,72174,53988,42713,65263,73017,71012,75022,,31,27,4,3,5,,,,,,,15,7,28,,,,3,2,5,120,17,14,21,18,,,,,,,,,,,,,,,,93,14,11,17,,,,,,,,,,,,,,,,,,,,104,37523,77,75,78,4725,10,9,11,140625,23.7,15.7,9952,7.1,698,0.5,2354,1.7,129,0.1,6341,4.5,119064,84.7,1399,1,1,2,50.8,43850,38.5